ID,TargetRLF1,TargetR1F1,TargetLLM
ID_TS_Aka_Gha_A3B1799D,information,information,information
ID_TS_Aka_Gha_1C80317F,information,information,information
ID_TS_Aka_Gha_06671AD1,information,information,information
ID_TS_Aka_Gha_BDD640FB,information,information,information
ID_TS_Aka_Gha_46685257,information,information,information
ID_TS_Aka_Gha_3EB13B90,information,information,information
ID_TS_Aka_Gha_392456DE,information,information,information
ID_TS_Aka_Gha_23B8C1E9,information,information,information
ID_TS_Aka_Gha_BC8960A9,information,information,information
ID_TS_Aka_Gha_1A3D1FA7,information,information,information
ID_TS_Aka_Gha_AD3C2D6D,information,information,information
ID_TS_Aka_Gha_BD9C66B3,information,information,information
ID_TS_Aka_Gha_E465E150,information,information,information
ID_TS_Aka_Gha_8B9D2434,information,information,information
ID_TS_Aka_Gha_16419F82,information,information,information
ID_TS_Aka_Gha_972A8469,information,information,information
ID_TS_Aka_Gha_6C031199,information,information,information
ID_TS_Aka_Gha_0822E8F3,information,information,information
ID_TS_Aka_Gha_07A0CA6E,information,information,information
ID_TS_Aka_Gha_17FC695A,information,information,information
ID_TS_Aka_Gha_37F8A88B,information,information,information
ID_TS_Aka_Gha_3B8FAA18,information,information,information
ID_TS_Aka_Gha_815EF6D1,information,information,information
ID_TS_Aka_Gha_9A1DE644,information,information,information
ID_TS_Aka_Gha_06CB0FB3,information,information,information
ID_TS_Aka_Gha_8FADC1A6,information,information,information
ID_TS_Aka_Gha_32E70629,information,information,information
ID_TS_Aka_Gha_B74D0FB1,information,information,information
ID_TS_Aka_Gha_A65ED389,information,information,information
ID_TS_Aka_Gha_B38A088C,information,information,information
ID_TS_Aka_Gha_8B8148F6,information,information,information
ID_TS_Aka_Gha_6B65A6A4,information,information,information
ID_TS_Aka_Gha_386ECBE0,information,information,information
ID_TS_Aka_Gha_72FF5D2A,information,information,information
ID_TS_Aka_Gha_96DA1DAC,information,information,information
ID_TS_Aka_Gha_47378190,information,information,information
ID_TS_Aka_Gha_CF36D58B,information,information,information
ID_TS_Aka_Gha_DE8A774B,information,information,information
ID_TS_Aka_Gha_01A9E71F,information,information,information
ID_TS_Aka_Gha_C241330B,information,information,information
ID_TS_Aka_Gha_CE4A2BBD,information,information,information
ID_TS_Aka_Gha_28DF6EC4,information,information,information
ID_TS_Aka_Gha_B2B9437A,information,information,information
ID_TS_Aka_Gha_6C307511,information,information,information
ID_TS_Aka_Gha_571AA876,information,information,information
ID_TS_Aka_Gha_47229389,information,information,information
ID_TS_Aka_Gha_27CD8130,information,information,information
ID_TS_Aka_Gha_371ECD7B,information,information,information
ID_TS_Aka_Gha_F50BEA63,information,information,information
ID_TS_Aka_Gha_C37459EE,information,information,information
ID_TS_Aka_Gha_562B0F79,information,information,information
ID_TS_Aka_Gha_1A2A73ED,information,information,information
ID_TS_Aka_Gha_17BE3111,information,information,information
ID_TS_Aka_Gha_6142EA7D,information,information,information
ID_TS_Aka_Gha_18C26797,information,information,information
ID_TS_Aka_Gha_5BE6128E,information,information,information
ID_TS_Aka_Gha_D8F56413,information,information,information
ID_TS_Aka_Gha_580D7B71,information,information,information
ID_TS_Aka_Gha_9A8DCA03,information,information,information
ID_TS_Aka_Gha_43B7A3A6,information,information,information
ID_TS_Aka_Gha_CE9FF57F,information,information,information
ID_TS_Aka_Gha_0B1F9163,information,information,information
ID_TS_Aka_Gha_BACFB3D0,information,information,information
ID_TS_Aka_Gha_759CDE66,information,information,information
ID_TS_Aka_Gha_89463E85,information,information,information
ID_TS_Aka_Gha_1FF49B78,information,information,information
ID_TS_Aka_Gha_F91E1D4C,information,information,information
ID_TS_Aka_Gha_EC1B8CA1,information,information,information
ID_TS_Aka_Gha_60E7A113,information,information,information
ID_TS_Aka_Gha_142C3FE8,information,information,information
ID_TS_Aka_Gha_8D5288F1,information,information,information
ID_TS_Aka_Gha_4B0DBB41,information,information,information
ID_TS_Aka_Gha_D453DD32,information,information,information
ID_TS_Aka_Gha_A0EE89AE,information,information,information
ID_TS_Aka_Gha_9E574F7A,information,information,information
ID_TS_Aka_Gha_E2ACF72F,information,information,information
ID_TS_Aka_Gha_DC98D2C1,information,information,information
ID_TS_Aka_Gha_5C941CF0,information,information,information
ID_TS_Aka_Gha_93CD59BF,information,information,information
ID_TS_Aka_Gha_3139D32C,information,information,information
ID_TS_Aka_Gha_B45ED1F0,information,information,information
ID_TS_Aka_Gha_11CE5DD2,information,information,information
ID_TS_Aka_Gha_0BBB2599,information,information,information
ID_TS_Aka_Gha_A9488D99,information,information,information
ID_TS_Aka_Gha_3A578A8E,information,information,information
ID_TS_Aka_Gha_C5E7CE8A,information,information,information
ID_TS_Aka_Gha_4A15544D,information,information,information
ID_TS_Aka_Gha_FC377A4C,information,information,information
ID_TS_Aka_Gha_146D3F31,information,information,information
ID_TS_Aka_Gha_DAF61A26,information,information,information
ID_TS_Aka_Gha_3B982EF8,information,information,information
ID_TS_Aka_Gha_DDD1DFB2,information,information,information
ID_TS_Aka_Gha_19DB3AD0,information,information,information
ID_TS_Aka_Gha_614FF3D7,information,information,information
ID_TS_Aka_Gha_47294739,information,information,information
ID_TS_Aka_Gha_7412B293,information,information,information
ID_TS_Aka_Gha_A2BC372F,information,information,information
ID_TS_Aka_Gha_D58842DE,information,information,information
ID_TS_Aka_Gha_5D65A441,information,information,information
ID_TS_Aka_Gha_29A3B2E9,information,information,information
ID_TS_Aka_Gha_5EC42E08,information,information,information
ID_TS_Aka_Gha_5AF30553,information,information,information
ID_TS_Aka_Gha_35A240AE,information,information,information
ID_TS_Aka_Gha_AB9099A4,information,information,information
ID_TS_Aka_Gha_4458A885,information,information,information
ID_TS_Aka_Gha_B3AA7EFE,information,information,information
ID_TS_Aka_Gha_EFC89849,information,information,information
ID_TS_Aka_Gha_AEFCFAD8,information,information,information
ID_TS_Aka_Gha_A5E5A5AB,information,information,information
ID_TS_Aka_Gha_12476F57,information,information,information
ID_TS_Aka_Gha_9BF00273,information,information,information
ID_TS_Aka_Gha_A28DEFE3,information,information,information
ID_TS_Aka_Gha_2BCFBE01,information,information,information
ID_TS_Aka_Gha_88BD6407,information,information,information
ID_TS_Aka_Gha_BAA80DD4,information,information,information
ID_TS_Aka_Gha_3EABEDCB,information,information,information
ID_TS_Aka_Gha_29D4BEEF,information,information,information
ID_TS_Aka_Gha_7656AF72,information,information,information
ID_TS_Aka_Gha_6123FDF7,information,information,information
ID_TS_Aka_Gha_451B4CF3,information,information,information
ID_TS_Aka_Gha_FD5166E6,information,information,information
ID_TS_Aka_Gha_ECE66FA2,information,information,information
ID_TS_Aka_Gha_A3D70628,information,information,information
ID_TS_Aka_Gha_B02B61C4,information,information,information
ID_TS_Aka_Gha_8E944239,information,information,information
ID_TS_Aka_Gha_3838B326,information,information,information
ID_TS_Aka_Gha_AF42E12F,information,information,information
ID_TS_Aka_Gha_5304317F,information,information,information
ID_TS_Aka_Gha_D7C524A5,information,information,information
ID_TS_Aka_Gha_C4B032CC,information,information,information
ID_TS_Aka_Gha_C6A7EE39,information,information,information
ID_TS_Aka_Gha_0E51F30D,information,information,information
ID_TS_Aka_Gha_3AA2E4F9,information,information,information
ID_TS_Aka_Gha_D261A7AB,information,information,information
ID_TS_Aka_Gha_0837B8A3,information,information,information
ID_TS_Aka_Gha_CE177B4E,information,information,information
ID_TS_Aka_Gha_50C187FC,information,information,information
ID_TS_Aka_Gha_66B2BC5B,information,information,information
ID_TS_Aka_Gha_448AAA9E,information,information,information
ID_TS_Aka_Gha_10F1BC81,information,information,information
ID_TS_Aka_Gha_3602F8AC,information,information,information
ID_TS_Aka_Gha_E9C349E0,information,information,information
ID_TS_Aka_Gha_F16287E4,information,information,information
ID_TS_Aka_Gha_9132B63E,information,information,information
ID_TS_Aka_Gha_E059A0EE,information,information,information
ID_TS_Aka_Gha_B7C93ACF,information,information,information
ID_TS_Aka_Gha_508EBAD7,information,information,information
ID_TS_Aka_Gha_366EB16F,information,information,information
ID_TS_Aka_Gha_A7CAD415,information,information,information
ID_TS_Aka_Gha_7FCD9EB1,information,information,information
ID_TS_Aka_Gha_654821D0,information,information,information
ID_TS_Aka_Gha_E27A984D,information,information,information
ID_TS_Aka_Gha_EA1FCA65,information,information,information
ID_TS_Aka_Gha_A491F0B2,information,information,information
ID_TS_Aka_Gha_757750A9,information,information,information
ID_TS_Aka_Gha_24933B83,information,information,information
ID_TS_Aka_Gha_43CF2FDE,information,information,information
ID_TS_Aka_Gha_23BED01D,information,information,information
ID_TS_Aka_Gha_3F22FAF8,information,information,information
ID_TS_Aka_Gha_BEB79919,information,information,information
ID_TS_Aka_Gha_8FB5D27B,information,information,information
ID_TS_Aka_Gha_89FA6A68,information,information,information
ID_TS_Aka_Gha_434308BC,information,information,information
ID_TS_Aka_Gha_BF3C4C06,information,information,information
ID_TS_Aka_Gha_95A76D79,information,information,information
ID_TS_Aka_Gha_6DADD6C7,information,information,information
ID_TS_Aka_Gha_E5D7B875,information,information,information
ID_TS_Aka_Gha_956269F0,information,information,information
ID_TS_Aka_Gha_663F1C97,information,information,information
ID_TS_Aka_Gha_5CABCC97,information,information,information
ID_TS_Aka_Gha_382567B8,information,information,information
ID_TS_Aka_Gha_FF50BDE4,information,information,information
ID_TS_Aka_Gha_FF5E9FF0,information,information,information
ID_TS_Aka_Gha_2369B584,information,information,information
ID_TS_Aka_Gha_827050A8,information,information,information
ID_TS_Aka_Gha_7E570DDF,information,information,information
ID_TS_Aka_Gha_1745D6D8,information,information,information
ID_TS_Aka_Gha_C17AF08A,information,information,information
ID_TS_Aka_Gha_0C0FD195,information,information,information
ID_TS_Aka_Gha_DC713D96,information,information,information
ID_TS_Aka_Gha_1C11F735,information,information,information
ID_TS_Aka_Gha_27209BDF,information,information,information
ID_TS_Aka_Gha_A0A04DC4,information,information,information
ID_TS_Aka_Gha_28F49481,information,information,information
ID_TS_Aka_Gha_CAC5B68C,information,information,information
ID_TS_Aka_Gha_AE340454,information,information,information
ID_TS_Aka_Gha_6C12ACE8,information,information,information
ID_TS_Aka_Gha_98AE4334,information,information,information
ID_TS_Aka_Gha_10435A10,information,information,information
ID_TS_Aka_Gha_62801C45,information,information,information
ID_TS_Aka_Gha_61B1CD22,information,information,information
ID_TS_Aka_Gha_988C24C9,information,information,information
ID_TS_Aka_Gha_FF01CF99,information,information,information
ID_TS_Aka_Gha_77D21E02,information,information,information
ID_TS_Aka_Gha_877409A9,information,information,information
ID_TS_Aka_Gha_405CACEC,information,information,information
ID_TS_Aka_Gha_F89897B9,information,information,information
ID_TS_Aka_Gha_8DA0365B,information,information,information
ID_TS_Aka_Gha_DC5C0EED,information,information,information
ID_TS_Aka_Gha_F143262F,information,information,information
ID_TS_Aka_Gha_02F06B90,information,information,information
ID_TS_Aka_Gha_AE270DA7,information,information,information
ID_TS_Aka_Gha_B88139B9,information,information,information
ID_TS_Aka_Gha_1D53434B,information,information,information
ID_TS_Aka_Gha_AE849217,information,information,information
ID_TS_Aka_Gha_E2817EFD,information,information,information
ID_TS_Aka_Gha_8976E334,information,information,information
ID_TS_Aka_Gha_C0398710,information,information,information
ID_TS_Aka_Gha_444EA7C8,information,information,information
ID_TS_Aka_Gha_C4C2E2E3,information,information,information
ID_TS_Aka_Gha_A4161293,information,information,information
ID_TS_Aka_Gha_5715BD6F,information,information,information
ID_TS_Aka_Gha_1C8EAEE9,information,information,information
ID_TS_Aka_Gha_4B22D308,information,information,information
ID_TS_Aka_Gha_6F4CC69A,information,information,information
ID_TS_Aka_Gha_287D06CA,information,information,information
ID_TS_Aka_Gha_74273CA3,information,information,information
ID_TS_Aka_Gha_00D4AF59,information,information,information
ID_TS_Aka_Gha_F42D47CC,information,information,information
ID_TS_Aka_Gha_B8DB0672,information,information,information
ID_TS_Aka_Gha_E037E5ED,information,information,information
ID_TS_Aka_Gha_B83CFE0B,information,information,information
ID_TS_Aka_Gha_436D76E2,information,information,information
ID_TS_Aka_Gha_F8CDA88B,information,information,information
ID_TS_Aka_Gha_8026695F,information,information,information
ID_TS_Aka_Gha_C30FF46E,information,information,information
ID_TS_Aka_Gha_2DBC2134,information,information,information
ID_TS_Aka_Gha_81F76D1C,information,information,information
ID_TS_Aka_Gha_E9A1FA6F,information,information,information
ID_TS_Aka_Gha_1B3DBD5C,information,information,information
ID_TS_Aka_Gha_DEDA4E16,information,information,information
ID_TS_Aka_Gha_A013AC6E,information,information,information
ID_TS_Aka_Gha_4C66E0A8,information,information,information
ID_TS_Aka_Gha_D777A477,information,information,information
ID_TS_Aka_Gha_A39231A7,information,information,information
ID_TS_Aka_Gha_81F631D4,information,information,information
ID_TS_Aka_Gha_9BE578C7,information,information,information
ID_TS_Aka_Gha_32EBD689,information,information,information
ID_TS_Aka_Gha_2720797D,information,information,information
ID_TS_Aka_Gha_5FB8D16C,information,information,information
ID_TS_Aka_Gha_C333E861,information,information,information
ID_TS_Aka_Gha_295B4715,information,information,information
ID_TS_Aka_Gha_8A14BE62,information,information,information
ID_TS_Aka_Gha_F4188F3F,information,information,information
ID_TS_Aka_Gha_C754108F,information,information,information
ID_TS_Aka_Gha_EC24A3C5,information,information,information
ID_TS_Aka_Gha_87C5421E,information,information,information
ID_TS_Aka_Gha_EB2263DD,information,information,information
ID_TS_Aka_Gha_00257AD1,information,information,information
ID_TS_Aka_Gha_99546EB4,information,information,information
ID_TS_Aka_Gha_52FBE43B,information,information,information
ID_TS_Aka_Gha_7D154385,information,information,information
ID_TS_Aka_Gha_04FC6D82,information,information,information
ID_TS_Aka_Gha_1CA35CFB,information,information,information
ID_TS_Aka_Gha_EDD96831,information,information,information
ID_TS_Aka_Gha_5CEC4EB5,information,information,information
ID_TS_Aka_Gha_E0F3EAB0,information,information,information
ID_TS_Aka_Gha_FC3E058B,information,information,information
ID_TS_Aka_Gha_D4E80839,information,information,information
ID_TS_Aka_Gha_CE88CB2D,information,information,information
ID_TS_Aka_Gha_4EB93EFF,information,information,information
ID_TS_Aka_Gha_3D4CBF37,information,information,information
ID_TS_Aka_Gha_0ED42F1A,information,information,information
ID_TS_Aka_Gha_3DA9C2A9,information,information,information
ID_TS_Aka_Gha_E0C53CB8,information,information,information
ID_TS_Aka_Gha_913E4DE2,information,information,information
ID_TS_Aka_Gha_F26B4776,information,information,information
ID_TS_Aka_Gha_14296C07,information,information,information
ID_TS_Aka_Gha_15ED6269,information,information,information
ID_TS_Aka_Gha_BB5E4BCF,information,information,information
ID_TS_Aka_Gha_7C69DEE1,information,information,information
ID_TS_Aka_Gha_D0E6E660,information,information,information
ID_TS_Aka_Gha_11B7E948,information,information,information
ID_TS_Aka_Gha_FA5D3100,information,information,information
ID_TS_Aka_Gha_C2B6D2C5,information,information,information
ID_TS_Aka_Gha_885F6E66,information,information,information
ID_TS_Aka_Gha_C40DB9B4,information,information,information
ID_TS_Aka_Gha_2031D750,information,information,information
ID_TS_Aka_Gha_20DE435D,information,information,information
ID_TS_Aka_Gha_A8E56E0C,information,information,information
ID_TS_Aka_Gha_79AC1B1E,information,information,information
ID_TS_Aka_Gha_F264ACCC,information,information,information
ID_TS_Aka_Gha_8CBFEDB0,information,information,information
ID_TS_Aka_Gha_2A45C2AB,information,information,information
ID_TS_Aka_Gha_43DAC043,information,information,information
ID_TS_Aka_Gha_8715A103,information,information,information
ID_TS_Aka_Gha_DF57C59A,information,information,information
ID_TS_Aka_Gha_9B49BD26,information,information,information
ID_TS_Aka_Gha_6C52C49F,information,information,information
ID_TS_Aka_Gha_F6E07CC0,information,information,information
ID_TS_Aka_Gha_36386821,information,information,information
ID_TS_Aka_Gha_EDCD465E,information,information,information
ID_TS_Aka_Gha_8A0F4EFB,information,information,information
ID_TS_Aka_Gha_C1590F53,information,information,information
ID_TS_Aka_Gha_BADCC32A,information,information,information
ID_TS_Aka_Gha_B09B2A5C,information,information,information
ID_TS_Aka_Gha_337EA2DF,information,information,information
ID_TS_Aka_Gha_B683D2E6,information,information,information
ID_TS_Aka_Gha_4FCCA39A,information,information,information
ID_TS_Aka_Gha_66245BFA,information,information,information
ID_TS_Aka_Gha_FEC21BBE,information,information,information
ID_TS_Aka_Gha_ABF3AD39,information,information,information
ID_TS_Aka_Gha_A65E688E,information,information,information
ID_TS_Aka_Gha_5F987C71,information,information,information
ID_TS_Aka_Gha_702753A1,information,information,information
ID_TS_Aka_Gha_E64D1BCB,information,information,information
ID_TS_Aka_Gha_847FD9B4,information,information,information
ID_TS_Aka_Gha_7394988F,information,information,information
ID_TS_Aka_Gha_1EFA2197,information,information,information
ID_TS_Aka_Gha_3F76BE1D,information,information,information
ID_TS_Aka_Gha_3985C3CF,information,information,information
ID_TS_Aka_Gha_1064005C,information,information,information
ID_TS_Aka_Gha_568CC69B,information,information,information
ID_TS_Aka_Gha_05628059,information,information,information
ID_TS_Aka_Gha_969B6662,information,information,information
ID_TS_Aka_Gha_8DCDCD03,information,information,information
ID_TS_Aka_Gha_3AE8CC93,information,information,information
ID_TS_Aka_Gha_96A402F2,information,information,information
ID_TS_Aka_Gha_38602AB6,information,information,information
ID_TS_Aka_Gha_01D74256,information,information,information
ID_TS_Aka_Gha_122C9A56,information,information,information
ID_TS_Aka_Gha_B535106E,information,information,information
ID_TS_Aka_Gha_A18FF6B6,information,information,information
ID_TS_Aka_Gha_0F1259E0,information,information,information
ID_TS_Aka_Gha_3A9BEDD4,information,information,information
ID_TS_Aka_Gha_114125C6,information,information,information
ID_TS_Aka_Gha_E7C99B26,information,information,information
ID_TS_Aka_Gha_080AADFB,information,information,information
ID_TS_Aka_Gha_DC1110C1,information,information,information
ID_TS_Aka_Gha_5496F63C,information,information,information
ID_TS_Aka_Gha_1223B513,information,information,information
ID_TS_Aka_Gha_839FBC50,information,information,information
ID_TS_Aka_Gha_3CEDDF2D,information,information,information
ID_TS_Aka_Gha_474A493B,information,information,information
ID_TS_Aka_Gha_AB4220A7,information,information,information
ID_TS_Aka_Gha_7C441FE7,information,information,information
ID_TS_Aka_Gha_36D8393A,information,information,information
ID_TS_Aka_Gha_8A0B3C33,information,information,information
ID_TS_Aka_Gha_21DF306F,information,information,information
ID_TS_Aka_Gha_B92DA22B,information,information,information
ID_TS_Aka_Gha_EF7DDC76,information,information,information
ID_TS_Aka_Gha_E1E3DB63,information,information,information
ID_TS_Aka_Gha_922FE15A,information,information,information
ID_TS_Aka_Gha_93829B43,information,information,information
ID_TS_Aka_Gha_7900F7F9,information,information,information
ID_TS_Aka_Gha_3E351128,information,information,information
ID_TS_Aka_Gha_C8DCD19F,information,information,information
ID_TS_Aka_Gha_7914C120,information,information,information
ID_TS_Aka_Gha_CEB81F9D,information,information,information
ID_TS_Aka_Gha_683514F2,information,information,information
ID_TS_Aka_Gha_30BEB45F,information,information,information
ID_TS_Aka_Gha_1825BC54,information,information,information
ID_TS_Aka_Gha_18D0752B,information,information,information
ID_TS_Aka_Gha_A8B317FA,information,information,information
ID_TS_Aka_Gha_6E595ED3,information,information,information
ID_TS_Aka_Gha_5AB33EDF,information,information,information
ID_TS_Aka_Gha_6C6FA611,information,information,information
ID_TS_Aka_Gha_693DFFBC,information,information,information
ID_TS_Aka_Gha_778EEDB3,information,information,information
ID_TS_Aka_Gha_DD2467AC,information,information,information
ID_TS_Aka_Gha_BAA4B71A,information,information,information
ID_TS_Aka_Gha_0DDE29A6,information,information,information
ID_TS_Aka_Gha_AC619E63,information,information,information
ID_TS_Aka_Gha_A748DBCF,information,information,information
ID_TS_Aka_Gha_FBF24050,information,information,information
ID_TS_Aka_Gha_A56C0941,information,information,information
ID_TS_Aka_Gha_1931E9EE,information,information,information
ID_TS_Aka_Gha_0F844FEF,information,information,information
ID_TS_Aka_Gha_6712303A,information,information,information
ID_TS_Aka_Gha_BA6C34AB,information,information,information
ID_TS_Aka_Gha_56DC8907,information,information,information
ID_TS_Aka_Gha_CCF3A171,information,information,information
ID_TS_Aka_Gha_DC96925E,information,information,information
ID_TS_Aka_Gha_1BF90E27,information,information,information
ID_TS_Aka_Gha_3FA7F104,information,information,information
ID_TS_Aka_Gha_310C0C00,information,information,information
ID_TS_Aka_Gha_30B187EF,information,information,information
ID_TS_Aka_Gha_894A05E4,information,information,information
ID_TS_Aka_Gha_72D8567D,information,information,information
ID_TS_Aka_Gha_23E2FCB4,information,information,information
ID_TS_Aka_Gha_6C006F61,information,information,information
ID_TS_Aka_Gha_2EF91276,information,information,information
ID_TS_Aka_Gha_474EBC19,information,information,information
ID_TS_Aka_Gha_766ECB15,information,information,information
ID_TS_Aka_Gha_3FF350BF,information,information,information
ID_TS_Aka_Gha_DFDE4FBF,information,information,information
ID_TS_Aka_Gha_EC5B227C,information,information,information
ID_TS_Aka_Gha_134C6C92,information,information,information
ID_TS_Aka_Gha_71710434,information,information,information
ID_TS_Aka_Gha_CEDA8BBB,information,information,information
ID_TS_Aka_Gha_DC815FE7,information,information,information
ID_TS_Aka_Gha_DB20A56E,information,information,information
ID_TS_Aka_Gha_8CE21EA3,information,information,information
ID_TS_Aka_Gha_19108BE5,information,information,information
ID_TS_Aka_Gha_0CF35B58,information,information,information
ID_TS_Aka_Gha_A6F2F7B8,information,information,information
ID_TS_Aka_Gha_FFD0F9D5,information,information,information
ID_TS_Aka_Gha_8A63F881,information,information,information
ID_TS_Aka_Gha_D605E770,information,information,information
ID_TS_Aka_Gha_03C72BA8,information,information,information
ID_TS_Aka_Gha_F8102383,information,information,information
ID_TS_Aka_Gha_17E011B7,information,information,information
ID_TS_Aka_Gha_ED2662E9,information,information,information
ID_TS_Aka_Gha_C0E9AB30,information,information,information
ID_TS_Aka_Gha_D9441FA5,information,information,information
ID_TS_Aka_Gha_3C835DC0,information,information,information
ID_TS_Aka_Gha_2A935D62,information,information,information
ID_TS_Aka_Gha_680AC07A,information,information,information
ID_TS_Aka_Gha_7C52FA17,information,information,information
ID_TS_Aka_Gha_7B3A4E3E,information,information,information
ID_TS_Aka_Gha_36B82481,information,information,information
ID_TS_Aka_Gha_DD59BA71,information,information,information
ID_TS_Aka_Gha_66AA9385,information,information,information
ID_TS_Aka_Gha_E7067EF4,information,information,information
ID_TS_Aka_Gha_0F02BAD0,information,information,information
ID_TS_Aka_Gha_2A25A888,information,information,information
ID_TS_Aka_Gha_610461E3,information,information,information
ID_TS_Aka_Gha_008D4127,information,information,information
ID_TS_Aka_Gha_FC3D3348,information,information,information
ID_TS_Aka_Gha_63F2AE24,information,information,information
ID_TS_Aka_Gha_43E458FC,information,information,information
ID_TS_Aka_Gha_ED3049CF,information,information,information
ID_TS_Aka_Gha_C8B8D9C6,information,information,information
ID_TS_Aka_Gha_C8FE3CCD,information,information,information
ID_TS_Aka_Gha_747B6DBA,information,information,information
ID_TS_Aka_Gha_490617F2,information,information,information
ID_TS_Aka_Gha_6C4A37EA,information,information,information
ID_TS_Aka_Gha_B253D218,information,information,information
ID_TS_Aka_Gha_F512C4C3,information,information,information
ID_TS_Aka_Gha_BB026576,information,information,information
ID_TS_Aka_Gha_FED4057D,information,information,information
ID_TS_Aka_Gha_C88A618E,information,information,information
ID_TS_Aka_Gha_8E46D534,information,information,information
ID_TS_Aka_Gha_A97065E1,information,information,information
ID_TS_Aka_Gha_B7E99ACA,information,information,information
ID_TS_Aka_Gha_7C967F79,information,information,information
ID_TS_Aka_Gha_27A0C3D7,information,information,information
ID_TS_Aka_Gha_309D258C,information,information,information
ID_TS_Aka_Gha_4BF50B52,information,information,information
ID_TS_Aka_Gha_37BB3EEC,information,information,information
ID_TS_Aka_Gha_F7FD5646,information,information,information
ID_TS_Aka_Gha_0EF8C2D6,information,information,information
ID_TS_Aka_Gha_944528C0,information,information,information
ID_TS_Aka_Gha_BC594585,information,information,information
ID_TS_Aka_Gha_8ACD4E10,information,information,information
ID_TS_Aka_Gha_0F9AEA4B,information,information,information
ID_TS_Aka_Gha_BF7B539B,information,information,information
ID_TS_Aka_Gha_504867BA,information,information,information
ID_TS_Aka_Gha_0EA2622B,information,information,information
ID_TS_Aka_Gha_0CD620C2,information,information,information
ID_TS_Aka_Gha_958CA9BA,information,information,information
ID_TS_Aka_Gha_7A0ECFEA,information,information,information
ID_TS_Aka_Gha_80BACD64,information,information,information
ID_TS_Aka_Gha_EB5CF467,information,information,information
ID_TS_Aka_Gha_DA4BD9CA,information,information,information
ID_TS_Aka_Gha_87F7E1FB,information,information,information
ID_TS_Aka_Gha_284D82E5,information,information,information
ID_TS_Aka_Gha_0E8FA8E0,information,information,information
ID_TS_Aka_Gha_F5F59B22,information,information,information
ID_TS_Aka_Gha_82010C62,information,information,information
ID_TS_Aka_Gha_14822F53,information,information,information
ID_TS_Aka_Gha_D9F195D0,information,information,information
ID_TS_Aka_Gha_2F923996,information,information,information
ID_TS_Aka_Gha_118A9D29,information,information,information
ID_TS_Aka_Gha_98543881,information,information,information
ID_TS_Aka_Gha_1165E210,information,information,information
ID_TS_Aka_Gha_ACDABACC,information,information,information
ID_TS_Aka_Gha_DCA02EEC,information,information,information
ID_TS_Aka_Gha_3C365296,information,information,information
ID_TS_Aka_Gha_675DD5AF,information,information,information
ID_TS_Aka_Gha_1EB0E38A,information,information,information
ID_TS_Aka_Gha_F10C718B,information,information,information
ID_TS_Aka_Gha_E3E9DE99,information,information,information
ID_TS_Aka_Gha_91D63F78,information,information,information
ID_TS_Aka_Gha_3F07F814,information,information,information
ID_TS_Aka_Gha_94340A03,information,information,information
ID_TS_Aka_Gha_98326856,information,information,information
ID_TS_Aka_Gha_0A2C827E,information,information,information
ID_TS_Aka_Gha_9E8FC965,information,information,information
ID_TS_Aka_Gha_14FCDD54,information,information,information
ID_TS_Aka_Gha_6B5252E3,information,information,information
ID_TS_Aka_Gha_A8499B92,information,information,information
ID_TS_Aka_Gha_956B8C0C,information,information,information
ID_TS_Aka_Gha_90B2B633,information,information,information
ID_TS_Aka_Gha_85D51695,information,information,information
ID_TS_Aka_Gha_50FD9D3F,information,information,information
ID_TS_Aka_Gha_EF48E8D5,information,information,information
ID_TS_Aka_Gha_42C18A62,information,information,information
ID_TS_Aka_Gha_344A54B8,information,information,information
ID_TS_Aka_Gha_AB73295B,information,information,information
ID_TS_Aka_Gha_B758588D,information,information,information
ID_TS_Aka_Gha_506E5A9A,information,information,information
ID_TS_Amh_Eth_3D1A85DD,information,information,information
ID_TS_Amh_Eth_43FF5011,information,information,information
ID_TS_Amh_Eth_655238A6,information,information,information
ID_TS_Amh_Eth_21813D25,information,information,information
ID_TS_Amh_Eth_ABF3E3FC,information,information,information
ID_TS_Amh_Eth_A53F8A28,information,information,information
ID_TS_Amh_Eth_4CCC9BC2,information,information,information
ID_TS_Amh_Eth_750CAB75,information,information,information
ID_TS_Amh_Eth_50F0FD0A,information,information,information
ID_TS_Amh_Eth_EDD4253B,information,information,information
ID_TS_Amh_Eth_C07A30F2,information,information,information
ID_TS_Amh_Eth_EF8C485B,information,information,information
ID_TS_Amh_Eth_12922F83,information,information,information
ID_TS_Amh_Eth_02627F73,information,information,information
ID_TS_Amh_Eth_75523327,information,information,information
ID_TS_Amh_Eth_9F044AED,information,information,information
ID_TS_Amh_Eth_FF9AB5C2,information,information,information
ID_TS_Amh_Eth_902059E4,information,information,information
ID_TS_Amh_Eth_FF002D4D,information,information,information
ID_TS_Amh_Eth_19985F15,information,information,information
ID_TS_Amh_Eth_12C136E0,information,information,information
ID_TS_Amh_Eth_89A2688B,information,information,information
ID_TS_Amh_Eth_369147EB,information,information,information
ID_TS_Amh_Eth_8181A8CC,information,information,information
ID_TS_Amh_Eth_43E42CAF,information,information,information
ID_TS_Amh_Eth_21E8AC68,information,information,information
ID_TS_Amh_Eth_EEEA163E,information,information,information
ID_TS_Amh_Eth_5958A499,information,information,information
ID_TS_Amh_Eth_E1805081,information,information,information
ID_TS_Amh_Eth_119C4EA3,information,information,information
ID_TS_Amh_Eth_E117DAC3,information,information,information
ID_TS_Amh_Eth_3E896C64,information,information,information
ID_TS_Amh_Eth_5E9953D2,information,information,information
ID_TS_Amh_Eth_48F4EF12,information,information,information
ID_TS_Amh_Eth_286218B8,information,information,information
ID_TS_Amh_Eth_702CDD20,information,information,information
ID_TS_Amh_Eth_D5704F32,information,information,information
ID_TS_Amh_Eth_8B10550C,information,information,information
ID_TS_Amh_Eth_B41B3143,information,information,information
ID_TS_Amh_Eth_4D71C366,information,information,information
ID_TS_Amh_Eth_9C96E9EC,information,information,information
ID_TS_Amh_Eth_FBDDCF7C,information,information,information
ID_TS_Amh_Eth_FCBB4E59,information,information,information
ID_TS_Amh_Eth_CE9E1A11,information,information,information
ID_TS_Amh_Eth_A76AFDE6,information,information,information
ID_TS_Amh_Eth_8768A84F,information,information,information
ID_TS_Amh_Eth_0200B1F0,information,information,information
ID_TS_Amh_Eth_AAF91531,information,information,information
ID_TS_Amh_Eth_D12DBC9A,information,information,information
ID_TS_Amh_Eth_8DFA6A56,information,information,information
ID_TS_Amh_Eth_4CA415EA,information,information,information
ID_TS_Amh_Eth_EE87905E,information,information,information
ID_TS_Amh_Eth_A9D3D7C7,information,information,information
ID_TS_Amh_Eth_1A84A51A,information,information,information
ID_TS_Amh_Eth_F05DB76E,information,information,information
ID_TS_Amh_Eth_E0CCEDC5,information,information,information
ID_TS_Amh_Eth_2260E70F,information,information,information
ID_TS_Amh_Eth_43B409EF,information,information,information
ID_TS_Amh_Eth_1D8CBBAC,information,information,information
ID_TS_Amh_Eth_E3C43657,information,information,information
ID_TS_Amh_Eth_1B66B5A9,information,information,information
ID_TS_Eng_Eth_BE0F051B,information,information,information
ID_TS_Eng_Eth_35EBD32D,information,information,information
ID_TS_Eng_Eth_B7B56EA7,information,information,information
ID_TS_Eng_Eth_A25D6B29,information,information,information
ID_TS_Eng_Eth_DA587E8A,information,information,information
ID_TS_Eng_Eth_439472E6,information,information,information
ID_TS_Eng_Eth_40497B71,information,information,information
ID_TS_Eng_Eth_6C6F7633,information,information,information
ID_TS_Eng_Eth_46D483F3,information,information,information
ID_TS_Eng_Eth_0B49452D,information,information,information
ID_TS_Eng_Eth_C56811CD,information,information,information
ID_TS_Eng_Eth_217D65A0,information,information,information
ID_TS_Eng_Eth_FAD409E2,information,information,information
ID_TS_Eng_Eth_430F801D,information,information,information
ID_TS_Eng_Eth_B4A69F3C,information,information,information
ID_TS_Eng_Eth_6D7CE3C9,information,information,information
ID_TS_Eng_Eth_0279B6A6,information,information,information
ID_TS_Eng_Eth_1CA3C448,information,information,information
ID_TS_Eng_Eth_E21342B0,information,information,information
ID_TS_Eng_Eth_B0E6A969,information,information,information
ID_TS_Eng_Eth_E767DCEA,information,information,information
ID_TS_Eng_Eth_8BABCE3B,information,information,information
ID_TS_Eng_Eth_D5A804EB,information,information,information
ID_TS_Eng_Eth_5E84F058,information,information,information
ID_TS_Eng_Eth_951F58D0,information,information,information
ID_TS_Eng_Eth_8D7248E2,information,information,information
ID_TS_Eng_Eth_25E97977,information,information,information
ID_TS_Eng_Eth_6E068097,information,information,information
ID_TS_Eng_Eth_20A04502,information,information,information
ID_TS_Eng_Eth_CBCEABDE,information,information,information
ID_TS_Eng_Eth_F8E1DAA7,information,information,information
ID_TS_Eng_Eth_5B9962C6,information,information,information
ID_TS_Eng_Eth_35C7936C,information,information,information
ID_TS_Eng_Eth_5A8AAECA,information,information,information
ID_TS_Eng_Eth_8F5486B7,information,information,information
ID_TS_Eng_Eth_F94D6204,information,information,information
ID_TS_Eng_Eth_9EE3AC2A,information,information,information
ID_TS_Eng_Eth_BFDDC3D9,information,information,information
ID_TS_Eng_Eth_DD56CC94,information,information,information
ID_TS_Eng_Eth_2999B735,information,information,information
ID_TS_Eng_Eth_F9E8A369,information,information,information
ID_TS_Eng_Eth_698C206F,information,information,information
ID_TS_Eng_Eth_0658663A,information,information,information
ID_TS_Eng_Eth_BC8F7D29,information,information,information
ID_TS_Eng_Eth_550A1B46,information,information,information
ID_TS_Eng_Eth_C84A7B28,information,information,information
ID_TS_Eng_Eth_CD5F4822,information,information,information
ID_TS_Eng_Eth_AB7F089A,information,information,information
ID_TS_Eng_Eth_BC2CBB0D,information,information,information
ID_TS_Eng_Eth_3F87E362,information,information,information
ID_TS_Eng_Eth_444D610B,information,information,information
ID_TS_Eng_Eth_1BAC27A7,information,information,information
ID_TS_Eng_Eth_DBCCC477,information,information,information
ID_TS_Eng_Eth_787F2425,information,information,information
ID_TS_Eng_Eth_EB1FA9F2,information,information,information
ID_TS_Eng_Eth_75D66ED4,information,information,information
ID_TS_Eng_Eth_598336E3,information,information,information
ID_TS_Eng_Eth_4E20FD1A,information,information,information
ID_TS_Eng_Eth_D20EAC17,information,information,information
ID_TS_Eng_Eth_CB9BC326,information,information,information
ID_TS_Eng_Gha_3A43B2BA,information,information,information
ID_TS_Eng_Gha_39118497,information,information,information
ID_TS_Eng_Gha_060EDF5B,information,information,information
ID_TS_Eng_Gha_A8F7EF5A,information,information,information
ID_TS_Eng_Gha_3170F437,information,information,information
ID_TS_Eng_Gha_6601DDD0,information,information,information
ID_TS_Eng_Gha_5408F9AC,information,information,information
ID_TS_Eng_Gha_475287AA,information,information,information
ID_TS_Eng_Gha_DD463C09,information,information,information
ID_TS_Eng_Gha_11C58EF0,information,information,information
ID_TS_Eng_Gha_F7860B50,information,information,information
ID_TS_Eng_Gha_C5F8BC16,information,information,information
ID_TS_Eng_Gha_4774BC58,information,information,information
ID_TS_Eng_Gha_59E4B671,information,information,information
ID_TS_Eng_Gha_A43825B5,information,information,information
ID_TS_Eng_Gha_8268690B,information,information,information
ID_TS_Eng_Gha_6651529E,information,information,information
ID_TS_Eng_Gha_ADF4E62D,information,information,information
ID_TS_Eng_Gha_FB2CA025,information,information,information
ID_TS_Eng_Gha_D7FA2D8D,information,information,information
ID_TS_Eng_Gha_89456F27,information,information,information
ID_TS_Eng_Gha_54C63CD8,information,information,information
ID_TS_Eng_Gha_F071D879,information,information,information
ID_TS_Eng_Gha_0710D430,information,information,information
ID_TS_Eng_Gha_1D870966,information,information,information
ID_TS_Eng_Gha_E08596DB,information,information,information
ID_TS_Eng_Gha_F86C2CA2,information,information,information
ID_TS_Eng_Gha_42DEFFCC,information,information,information
ID_TS_Eng_Gha_2DB69EDB,information,information,information
ID_TS_Eng_Gha_94A1875D,information,information,information
ID_TS_Eng_Gha_F668A617,information,information,information
ID_TS_Eng_Gha_FBC9F87A,information,information,information
ID_TS_Eng_Gha_43F59A85,information,information,information
ID_TS_Eng_Gha_09CB3942,information,information,information
ID_TS_Eng_Gha_1BC044FC,information,information,information
ID_TS_Eng_Gha_98B8E4CC,information,information,information
ID_TS_Eng_Gha_6F3F920C,information,information,information
ID_TS_Eng_Gha_587EF344,information,information,information
ID_TS_Eng_Gha_BA81EDD9,information,information,information
ID_TS_Eng_Gha_C9535B63,information,information,information
ID_TS_Eng_Gha_504D281F,information,information,information
ID_TS_Eng_Gha_6FB78271,information,information,information
ID_TS_Eng_Gha_9B3080D5,information,information,information
ID_TS_Eng_Gha_FBF6E16F,information,information,information
ID_TS_Eng_Gha_82EC9F2D,information,information,information
ID_TS_Eng_Gha_1D9AF659,information,information,information
ID_TS_Eng_Gha_629C2AE3,information,information,information
ID_TS_Eng_Gha_E645F129,information,information,information
ID_TS_Eng_Gha_939B462D,information,information,information
ID_TS_Eng_Gha_30A900AD,information,information,information
ID_TS_Eng_Gha_41357E8C,information,information,information
ID_TS_Eng_Gha_0B5CEA6A,information,information,information
ID_TS_Eng_Gha_B572F3D0,information,information,information
ID_TS_Eng_Gha_6FA17735,information,information,information
ID_TS_Eng_Gha_006ED6E3,information,information,information
ID_TS_Eng_Gha_85197FF4,information,information,information
ID_TS_Eng_Gha_ECF27E76,information,information,information
ID_TS_Eng_Gha_CE777F00,information,information,information
ID_TS_Eng_Gha_89D7FD6C,information,information,information
ID_TS_Eng_Gha_AFD5DEA5,information,information,information
ID_TS_Eng_Gha_B82C9074,information,information,information
ID_TS_Eng_Gha_F0B5156B,information,information,information
ID_TS_Eng_Gha_BDF070AA,information,information,information
ID_TS_Eng_Gha_BCAE8081,information,information,information
ID_TS_Eng_Gha_ABAE4F43,information,information,information
ID_TS_Eng_Gha_3270E4FA,information,information,information
ID_TS_Eng_Gha_5D3D9E56,information,information,information
ID_TS_Eng_Gha_6E6981A3,information,information,information
ID_TS_Eng_Gha_11E9CDAA,information,information,information
ID_TS_Eng_Gha_F2E9702D,information,information,information
ID_TS_Eng_Gha_AA0B7B14,information,information,information
ID_TS_Eng_Gha_EBB7A385,information,information,information
ID_TS_Eng_Gha_5487FD4F,information,information,information
ID_TS_Eng_Gha_9F871CE7,information,information,information
ID_TS_Eng_Gha_505CC686,information,information,information
ID_TS_Eng_Gha_A9D3C2E6,information,information,information
ID_TS_Eng_Gha_D9178793,information,information,information
ID_TS_Eng_Gha_1FE771D6,information,information,information
ID_TS_Eng_Gha_B841D0A0,information,information,information
ID_TS_Eng_Gha_E6697833,information,information,information
ID_TS_Eng_Gha_4CE1EB90,information,information,information
ID_TS_Eng_Gha_81D2C7DE,information,information,information
ID_TS_Eng_Gha_4F2D4796,information,information,information
ID_TS_Eng_Gha_AAB97E49,information,information,information
ID_TS_Eng_Gha_688C7015,information,information,information
ID_TS_Eng_Gha_5380B904,information,information,information
ID_TS_Eng_Gha_6703B636,information,information,information
ID_TS_Eng_Gha_B27C4026,information,information,information
ID_TS_Eng_Gha_4BB00F20,information,information,information
ID_TS_Eng_Gha_8DEDF9FB,information,information,information
ID_TS_Eng_Gha_2095EEF6,information,information,information
ID_TS_Eng_Gha_311C6EB6,information,information,information
ID_TS_Eng_Gha_6BA25EFE,information,information,information
ID_TS_Eng_Gha_AA38D0A1,information,information,information
ID_TS_Eng_Gha_F0BBAC67,information,information,information
ID_TS_Eng_Gha_610FAA3F,information,information,information
ID_TS_Eng_Gha_AD64B56C,information,information,information
ID_TS_Eng_Gha_BF85BF0E,information,information,information
ID_TS_Eng_Gha_E71E43A6,information,information,information
ID_TS_Eng_Gha_2C8D0E44,information,information,information
ID_TS_Eng_Gha_9D9262AF,information,information,information
ID_TS_Eng_Gha_91B0E1D9,information,information,information
ID_TS_Eng_Gha_4D0B0D1A,information,information,information
ID_TS_Eng_Gha_67F48AD5,information,information,information
ID_TS_Eng_Gha_8C459CE2,information,information,information
ID_TS_Eng_Gha_D56F0350,information,information,information
ID_TS_Eng_Gha_001A9A8B,information,information,information
ID_TS_Eng_Gha_4DCABFB7,information,information,information
ID_TS_Eng_Gha_49732D6C,information,information,information
ID_TS_Eng_Gha_35CE8841,information,information,information
ID_TS_Eng_Gha_6E0D2648,information,information,information
ID_TS_Eng_Gha_C9277D9B,information,information,information
ID_TS_Eng_Gha_9479E1E6,information,information,information
ID_TS_Eng_Gha_9B4E2C24,information,information,information
ID_TS_Eng_Gha_A79AC9AA,information,information,information
ID_TS_Eng_Gha_527EECFA,information,information,information
ID_TS_Eng_Gha_77097749,information,information,information
ID_TS_Eng_Gha_7118E364,information,information,information
ID_TS_Eng_Gha_71316269,information,information,information
ID_TS_Eng_Gha_ACF5E81E,information,information,information
ID_TS_Eng_Gha_36B5229A,information,information,information
ID_TS_Eng_Gha_82DC4C8E,information,information,information
ID_TS_Eng_Gha_7922BAC2,information,information,information
ID_TS_Eng_Gha_CB323E35,information,information,information
ID_TS_Eng_Gha_E6B3C944,information,information,information
ID_TS_Eng_Gha_F5B78CC7,information,information,information
ID_TS_Eng_Gha_CBC84759,information,information,information
ID_TS_Eng_Gha_BC67F831,information,information,information
ID_TS_Eng_Gha_2B70E525,information,information,information
ID_TS_Eng_Gha_A8AA7158,information,information,information
ID_TS_Eng_Gha_15B52908,information,information,information
ID_TS_Eng_Gha_48A639D0,information,information,information
ID_TS_Eng_Gha_83F4A9A9,information,information,information
ID_TS_Eng_Gha_A9F25336,information,information,information
ID_TS_Eng_Gha_A2086977,information,information,information
ID_TS_Eng_Gha_9E87E04C,information,information,information
ID_TS_Eng_Gha_55CEE5DB,information,information,information
ID_TS_Eng_Gha_17E8392A,information,information,information
ID_TS_Eng_Gha_D1843324,information,information,information
ID_TS_Eng_Gha_F3B63FE1,information,information,information
ID_TS_Eng_Gha_C04A96C4,information,information,information
ID_TS_Eng_Gha_3C20592F,information,information,information
ID_TS_Eng_Gha_AC3C5640,information,information,information
ID_TS_Eng_Gha_4F77A665,information,information,information
ID_TS_Eng_Gha_39820CFF,information,information,information
ID_TS_Eng_Gha_CE7AE7F6,information,information,information
ID_TS_Eng_Gha_32FA2DE8,information,information,information
ID_TS_Eng_Gha_25B8FD4B,information,information,information
ID_TS_Eng_Gha_0640BE0F,information,information,information
ID_TS_Eng_Gha_0BD4A990,information,information,information
ID_TS_Eng_Gha_3EAE0032,information,information,information
ID_TS_Eng_Gha_FBE33B24,information,information,information
ID_TS_Eng_Gha_79A28903,information,information,information
ID_TS_Eng_Gha_9C7C7377,information,information,information
ID_TS_Eng_Gha_D98868DD,information,information,information
ID_TS_Eng_Gha_C4BBB7A9,information,information,information
ID_TS_Eng_Gha_12A4DEF0,information,information,information
ID_TS_Eng_Gha_74962764,information,information,information
ID_TS_Eng_Gha_6A18CE4C,information,information,information
ID_TS_Eng_Gha_E2D9DE5D,information,information,information
ID_TS_Eng_Gha_A1384DDC,information,information,information
ID_TS_Eng_Gha_935F2B0A,information,information,information
ID_TS_Eng_Gha_31C681EC,information,information,information
ID_TS_Eng_Gha_B7E58481,information,information,information
ID_TS_Eng_Gha_B24445A7,information,information,information
ID_TS_Eng_Gha_624C69B6,information,information,information
ID_TS_Eng_Gha_7E8F8095,information,information,information
ID_TS_Eng_Gha_664FA663,information,information,information
ID_TS_Eng_Gha_3E75C3B4,information,information,information
ID_TS_Eng_Gha_25C73C44,information,information,information
ID_TS_Eng_Gha_A7F36AE9,information,information,information
ID_TS_Eng_Gha_B00805CC,information,information,information
ID_TS_Eng_Gha_016B6287,information,information,information
ID_TS_Eng_Gha_E4855AA1,information,information,information
ID_TS_Eng_Gha_C03F3538,information,information,information
ID_TS_Eng_Gha_DC45D539,information,information,information
ID_TS_Eng_Gha_C521BF2D,information,information,information
ID_TS_Eng_Gha_E2ADD909,information,information,information
ID_TS_Eng_Gha_1B494E15,information,information,information
ID_TS_Eng_Gha_C7468F59,information,information,information
ID_TS_Eng_Gha_6CD66193,information,information,information
ID_TS_Eng_Gha_3805F907,information,information,information
ID_TS_Eng_Gha_2D06E8CF,information,information,information
ID_TS_Eng_Gha_CDDA24BA,information,information,information
ID_TS_Eng_Gha_F53D4330,information,information,information
ID_TS_Eng_Gha_B227462C,information,information,information
ID_TS_Eng_Gha_8498E113,information,information,information
ID_TS_Eng_Gha_76ECBDD6,information,information,information
ID_TS_Eng_Gha_0CDB1CA4,information,information,information
ID_TS_Eng_Gha_8EB22579,information,information,information
ID_TS_Eng_Gha_3FCB7546,information,information,information
ID_TS_Eng_Gha_EADF5085,information,information,information
ID_TS_Eng_Gha_D92C9227,information,information,information
ID_TS_Eng_Gha_1F115B76,information,information,information
ID_TS_Eng_Gha_74DAAEBF,information,information,information
ID_TS_Eng_Gha_222282E1,information,information,information
ID_TS_Eng_Gha_CD29A36F,information,information,information
ID_TS_Eng_Gha_76F2DBFE,information,information,information
ID_TS_Eng_Gha_AAE65FC1,information,information,information
ID_TS_Eng_Gha_87F8424D,information,information,information
ID_TS_Eng_Gha_FCE68504,information,information,information
ID_TS_Eng_Gha_8F15BA58,information,information,information
ID_TS_Eng_Gha_986F9025,information,information,information
ID_TS_Eng_Gha_513A7052,information,information,information
ID_TS_Eng_Gha_F335CBA3,information,information,information
ID_TS_Eng_Gha_C1581092,information,information,information
ID_TS_Eng_Gha_E4347D51,information,information,information
ID_TS_Eng_Gha_714C7DF4,information,information,information
ID_TS_Eng_Gha_9CD6C852,information,information,information
ID_TS_Eng_Gha_D0A44432,information,information,information
ID_TS_Eng_Gha_B8225688,information,information,information
ID_TS_Eng_Gha_E45B712E,information,information,information
ID_TS_Eng_Gha_81392443,information,information,information
ID_TS_Eng_Gha_6D3EE1DC,information,information,information
ID_TS_Eng_Gha_D4A02E53,information,information,information
ID_TS_Eng_Gha_E827A1B9,information,information,information
ID_TS_Eng_Gha_8C41561B,information,information,information
ID_TS_Eng_Gha_722764E6,information,information,information
ID_TS_Eng_Gha_E5AF6E39,information,information,information
ID_TS_Eng_Gha_28BE9288,information,information,information
ID_TS_Eng_Gha_BE6033F7,information,information,information
ID_TS_Eng_Gha_DC8AEE30,information,information,information
ID_TS_Eng_Gha_79844388,information,information,information
ID_TS_Eng_Gha_7337C599,information,information,information
ID_TS_Eng_Gha_425A609F,information,information,information
ID_TS_Eng_Gha_C074718E,information,information,information
ID_TS_Eng_Gha_3F4B1A70,information,information,information
ID_TS_Eng_Gha_D701410D,information,information,information
ID_TS_Eng_Gha_A33DC7AF,information,information,information
ID_TS_Eng_Gha_46FDE062,information,information,information
ID_TS_Eng_Gha_C40C5D91,information,information,information
ID_TS_Eng_Gha_C715B2B9,information,information,information
ID_TS_Eng_Gha_8573E793,information,information,information
ID_TS_Eng_Gha_7C0E8CD8,information,information,information
ID_TS_Eng_Gha_A07295E9,information,information,information
ID_TS_Eng_Gha_3D3F3799,information,information,information
ID_TS_Eng_Gha_464C04AF,information,information,information
ID_TS_Eng_Gha_709B7D97,information,information,information
ID_TS_Eng_Gha_13D5F2F7,information,information,information
ID_TS_Eng_Gha_B6AAE05B,information,information,information
ID_TS_Eng_Gha_49257AF1,information,information,information
ID_TS_Eng_Gha_3C07C574,information,information,information
ID_TS_Eng_Gha_458F1F19,information,information,information
ID_TS_Eng_Gha_55FA1AB8,information,information,information
ID_TS_Eng_Gha_51D87C64,information,information,information
ID_TS_Eng_Gha_E49D681D,information,information,information
ID_TS_Eng_Gha_8A476A87,information,information,information
ID_TS_Eng_Gha_14A0BCCB,information,information,information
ID_TS_Eng_Gha_236C7B87,information,information,information
ID_TS_Eng_Gha_269CD696,information,information,information
ID_TS_Eng_Gha_3B33F3D8,information,information,information
ID_TS_Eng_Gha_620E99D3,information,information,information
ID_TS_Eng_Gha_B1A6B1F1,information,information,information
ID_TS_Eng_Gha_271E3EE2,information,information,information
ID_TS_Eng_Gha_B4D7E28E,information,information,information
ID_TS_Eng_Gha_36C59DAC,information,information,information
ID_TS_Eng_Gha_10714D51,information,information,information
ID_TS_Eng_Gha_6A34C854,information,information,information
ID_TS_Eng_Gha_68586EBA,information,information,information
ID_TS_Eng_Gha_54B4A482,information,information,information
ID_TS_Eng_Gha_8AE8905B,information,information,information
ID_TS_Eng_Gha_7746D0BA,information,information,information
ID_TS_Eng_Gha_6A702E2F,information,information,information
ID_TS_Eng_Gha_0FF0A55C,information,information,information
ID_TS_Eng_Gha_34F3193C,information,information,information
ID_TS_Eng_Gha_D5385B0E,information,information,information
ID_TS_Eng_Gha_6B8E869F,information,information,information
ID_TS_Eng_Gha_63B4C08B,information,information,information
ID_TS_Eng_Gha_E7A37E81,information,information,information
ID_TS_Eng_Gha_C51155FF,information,information,information
ID_TS_Eng_Gha_95863A76,information,information,information
ID_TS_Eng_Gha_F2311F17,information,information,information
ID_TS_Eng_Gha_B20DCB6E,information,information,information
ID_TS_Eng_Gha_05000BC6,information,information,information
ID_TS_Eng_Gha_DB52CA58,information,information,information
ID_TS_Eng_Gha_E172B725,information,information,information
ID_TS_Eng_Gha_C3FE0183,information,information,information
ID_TS_Eng_Gha_9360715F,information,information,information
ID_TS_Eng_Gha_6160A6B4,information,information,information
ID_TS_Eng_Gha_7A1B5806,information,information,information
ID_TS_Eng_Gha_018267C4,information,information,information
ID_TS_Eng_Gha_F1578470,information,information,information
ID_TS_Eng_Gha_5A0CDD7C,information,information,information
ID_TS_Eng_Gha_4C71E0FE,information,information,information
ID_TS_Eng_Gha_C0E3BEFD,information,information,information
ID_TS_Eng_Gha_63D62A39,information,information,information
ID_TS_Eng_Gha_DA7B9095,information,information,information
ID_TS_Eng_Gha_E4429EBB,information,information,information
ID_TS_Eng_Gha_F41402B1,information,information,information
ID_TS_Eng_Gha_D5F25073,information,information,information
ID_TS_Eng_Gha_6B44FA8D,information,information,information
ID_TS_Eng_Gha_89C8D2AB,information,information,information
ID_TS_Eng_Gha_BF5D2FDF,information,information,information
ID_TS_Eng_Gha_BC10FA52,information,information,information
ID_TS_Eng_Gha_8BCF53A1,information,information,information
ID_TS_Eng_Gha_CCC42903,information,information,information
ID_TS_Eng_Gha_9A6EC2F5,information,information,information
ID_TS_Eng_Gha_E5D6F6E6,information,information,information
ID_TS_Eng_Gha_3875394C,information,information,information
ID_TS_Eng_Gha_7CFC9B79,information,information,information
ID_TS_Eng_Gha_382C043F,information,information,information
ID_TS_Eng_Gha_45DF16B6,information,information,information
ID_TS_Eng_Gha_6F92F25E,information,information,information
ID_TS_Eng_Gha_7C5308BF,information,information,information
ID_TS_Eng_Gha_076E2BBA,information,information,information
ID_TS_Eng_Gha_638C254C,information,information,information
ID_TS_Eng_Gha_560C95EE,information,information,information
ID_TS_Eng_Gha_AB3B4D37,information,information,information
ID_TS_Eng_Gha_ADDC3E13,information,information,information
ID_TS_Eng_Gha_CC530E36,information,information,information
ID_TS_Eng_Gha_67814C1F,information,information,information
ID_TS_Eng_Gha_B963F37F,information,information,information
ID_TS_Eng_Gha_2A405F12,information,information,information
ID_TS_Eng_Gha_D72B6108,information,information,information
ID_TS_Eng_Gha_77A6E17C,information,information,information
ID_TS_Eng_Gha_EB67146A,information,information,information
ID_TS_Eng_Gha_20AC3703,information,information,information
ID_TS_Eng_Gha_FB10987F,information,information,information
ID_TS_Eng_Gha_9F4C3B79,information,information,information
ID_TS_Eng_Gha_88BC539C,information,information,information
ID_TS_Eng_Gha_06E745F9,information,information,information
ID_TS_Eng_Gha_E82C7D7B,information,information,information
ID_TS_Eng_Gha_64DE82E6,information,information,information
ID_TS_Eng_Gha_978648F8,information,information,information
ID_TS_Eng_Gha_907BFE36,information,information,information
ID_TS_Eng_Gha_A9BA5A27,information,information,information
ID_TS_Eng_Gha_06F028FF,information,information,information
ID_TS_Eng_Gha_157D94A1,information,information,information
ID_TS_Eng_Gha_A48B3DBE,information,information,information
ID_TS_Eng_Gha_6DB99102,information,information,information
ID_TS_Eng_Gha_22BD3388,information,information,information
ID_TS_Eng_Gha_DDE9F863,information,information,information
ID_TS_Eng_Gha_7631DE9D,information,information,information
ID_TS_Eng_Gha_2E85CB21,information,information,information
ID_TS_Eng_Gha_0CDF742B,information,information,information
ID_TS_Eng_Gha_42999AA4,information,information,information
ID_TS_Eng_Gha_610CF373,information,information,information
ID_TS_Eng_Gha_53CD6268,information,information,information
ID_TS_Eng_Gha_362F5E5C,information,information,information
ID_TS_Eng_Gha_74672CD9,information,information,information
ID_TS_Eng_Gha_53AC2AB9,information,information,information
ID_TS_Eng_Gha_56666F9F,information,information,information
ID_TS_Eng_Gha_C2DFF335,information,information,information
ID_TS_Eng_Gha_E1301617,information,information,information
ID_TS_Eng_Gha_610E6A64,information,information,information
ID_TS_Eng_Gha_473BD358,information,information,information
ID_TS_Eng_Gha_C083B73A,information,information,information
ID_TS_Eng_Gha_F3821CFD,information,information,information
ID_TS_Eng_Gha_D4F8FD72,information,information,information
ID_TS_Eng_Gha_6BEBAC31,information,information,information
ID_TS_Eng_Gha_4094DDED,information,information,information
ID_TS_Eng_Gha_D5BCB8D0,information,information,information
ID_TS_Eng_Gha_14F7CE8D,information,information,information
ID_TS_Eng_Gha_78660765,information,information,information
ID_TS_Eng_Gha_04F64D86,information,information,information
ID_TS_Eng_Gha_BFC00DC8,information,information,information
ID_TS_Eng_Gha_8A175DFE,information,information,information
ID_TS_Eng_Gha_0D557B61,information,information,information
ID_TS_Eng_Gha_FFF9F585,information,information,information
ID_TS_Eng_Gha_F3B1025B,information,information,information
ID_TS_Eng_Gha_59970043,information,information,information
ID_TS_Eng_Gha_39669FA7,information,information,information
ID_TS_Eng_Gha_A66FD7F7,information,information,information
ID_TS_Eng_Gha_1190F938,information,information,information
ID_TS_Eng_Gha_C7FEE39F,information,information,information
ID_TS_Eng_Gha_F510AB53,information,information,information
ID_TS_Eng_Gha_A6D964A3,information,information,information
ID_TS_Eng_Gha_0A4E5B70,information,information,information
ID_TS_Eng_Gha_C1156D6D,information,information,information
ID_TS_Eng_Gha_07F194F9,information,information,information
ID_TS_Eng_Gha_F319C125,information,information,information
ID_TS_Eng_Gha_3F4DF561,information,information,information
ID_TS_Eng_Gha_33094D35,information,information,information
ID_TS_Eng_Gha_D6D7B3B8,information,information,information
ID_TS_Eng_Gha_05379FF6,information,information,information
ID_TS_Eng_Gha_9F0FDA8D,information,information,information
ID_TS_Eng_Gha_2702878B,information,information,information
ID_TS_Eng_Gha_3D114802,information,information,information
ID_TS_Eng_Gha_20500494,information,information,information
ID_TS_Eng_Gha_793B4C32,information,information,information
ID_TS_Eng_Gha_AB61A7B1,information,information,information
ID_TS_Eng_Gha_1D48A071,information,information,information
ID_TS_Eng_Gha_90604F62,information,information,information
ID_TS_Eng_Gha_F2A03459,information,information,information
ID_TS_Eng_Gha_37CC863B,information,information,information
ID_TS_Eng_Gha_770C7798,information,information,information
ID_TS_Eng_Gha_B31022F0,information,information,information
ID_TS_Eng_Gha_41992FDF,information,information,information
ID_TS_Eng_Gha_C4536F1D,information,information,information
ID_TS_Eng_Gha_5E6FEA07,information,information,information
ID_TS_Eng_Gha_2AF43AB7,information,information,information
ID_TS_Eng_Gha_9B1BC895,information,information,information
ID_TS_Eng_Gha_9B749245,information,information,information
ID_TS_Eng_Gha_F6B751F7,information,information,information
ID_TS_Eng_Gha_BF780E3F,information,information,information
ID_TS_Eng_Gha_B7E6427C,information,information,information
ID_TS_Eng_Gha_1D5206AB,information,information,information
ID_TS_Eng_Gha_C71D5E60,information,information,information
ID_TS_Eng_Gha_D1BDB8C0,information,information,information
ID_TS_Eng_Gha_29EC8E49,information,information,information
ID_TS_Eng_Gha_F6F7F0CC,information,information,information
ID_TS_Eng_Gha_4FA03F26,information,information,information
ID_TS_Eng_Gha_1BAC5C15,information,information,information
ID_TS_Eng_Gha_9424AED5,information,information,information
ID_TS_Eng_Gha_0692DC63,information,information,information
ID_TS_Eng_Gha_EDCB8CB6,information,information,information
ID_TS_Eng_Gha_4FDC6E1B,information,information,information
ID_TS_Eng_Gha_93676A02,information,information,information
ID_TS_Eng_Gha_AD66A1BD,information,information,information
ID_TS_Eng_Gha_E87466D7,information,information,information
ID_TS_Eng_Gha_F54AD0A2,information,information,information
ID_TS_Eng_Gha_60141DE9,information,information,information
ID_TS_Eng_Gha_658B2523,information,information,information
ID_TS_Eng_Gha_F1043785,information,information,information
ID_TS_Eng_Gha_B70B3420,information,information,information
ID_TS_Eng_Gha_32C5BD89,information,information,information
ID_TS_Eng_Gha_13748146,information,information,information
ID_TS_Eng_Gha_9793B9B4,information,information,information
ID_TS_Eng_Gha_B0CC1B3B,information,information,information
ID_TS_Eng_Gha_D4A057A7,information,information,information
ID_TS_Eng_Gha_A092F52A,information,information,information
ID_TS_Eng_Gha_3E2B6091,information,information,information
ID_TS_Eng_Gha_1A16342C,information,information,information
ID_TS_Eng_Gha_B27B3D90,information,information,information
ID_TS_Eng_Gha_C5C14EB4,information,information,information
ID_TS_Eng_Gha_4D3485C5,information,information,information
ID_TS_Eng_Gha_D9ACD158,information,information,information
ID_TS_Eng_Gha_AF2B99B4,information,information,information
ID_TS_Eng_Gha_99B49350,information,information,information
ID_TS_Eng_Gha_CE3714AF,information,information,information
ID_TS_Eng_Gha_1EFD76E9,information,information,information
ID_TS_Eng_Gha_CBD58BF6,information,information,information
ID_TS_Eng_Gha_FBDD3933,information,information,information
ID_TS_Eng_Gha_90E0F4A0,information,information,information
ID_TS_Eng_Gha_C85ACA46,information,information,information
ID_TS_Eng_Gha_0A8381BE,information,information,information
ID_TS_Eng_Gha_58E25888,information,information,information
ID_TS_Eng_Gha_8861FE18,information,information,information
ID_TS_Eng_Gha_6DAA2E68,information,information,information
ID_TS_Eng_Gha_A9597663,information,information,information
ID_TS_Eng_Gha_5EDDBBBF,information,information,information
ID_TS_Eng_Gha_11A72609,information,information,information
ID_TS_Eng_Gha_8186A576,information,information,information
ID_TS_Eng_Gha_A5C5650C,information,information,information
ID_TS_Eng_Gha_575AED2C,information,information,information
ID_TS_Eng_Gha_033D2BCE,information,information,information
ID_TS_Eng_Gha_D97DC9CD,information,information,information
ID_TS_Eng_Gha_6B88F83D,information,information,information
ID_TS_Eng_Gha_D284476C,information,information,information
ID_TS_Eng_Gha_7D7DDBED,information,information,information
ID_TS_Eng_Gha_1B049863,information,information,information
ID_TS_Eng_Gha_6EFB63B1,information,information,information
ID_TS_Eng_Gha_F5F62C97,information,information,information
ID_TS_Eng_Gha_5CB85AED,information,information,information
ID_TS_Eng_Gha_A2B5B498,information,information,information
ID_TS_Eng_Gha_E43E4288,information,information,information
ID_TS_Eng_Gha_D4262982,information,information,information
ID_TS_Eng_Gha_75B17A55,information,information,information
ID_TS_Eng_Gha_B5122DF8,information,information,information
ID_TS_Eng_Gha_272A6D8E,information,information,information
ID_TS_Eng_Gha_6F7C15EA,information,information,information
ID_TS_Eng_Gha_2D174FC9,information,information,information
ID_TS_Eng_Gha_BBDA0242,information,information,information
ID_TS_Eng_Gha_859131D2,information,information,information
ID_TS_Eng_Gha_F7294951,information,information,information
ID_TS_Eng_Gha_A6846099,information,information,information
ID_TS_Eng_Gha_45241EA6,information,information,information
ID_TS_Eng_Gha_9DAC6E83,information,information,information
ID_TS_Eng_Gha_CEE624D0,information,information,information
ID_TS_Eng_Gha_EB6C1016,information,information,information
ID_TS_Eng_Gha_89C5B31A,information,information,information
ID_TS_Eng_Gha_C64EE6E3,information,information,information
ID_TS_Eng_Gha_7BC67E1F,information,information,information
ID_TS_Eng_Gha_7701F7BB,information,information,information
ID_TS_Eng_Gha_6F81CF4F,information,information,information
ID_TS_Eng_Gha_D36357B6,information,information,information
ID_TS_Eng_Gha_BB2488A3,information,information,information
ID_TS_Eng_Gha_97AC6AA8,information,information,information
ID_TS_Eng_Gha_44B591F7,information,information,information
ID_TS_Eng_Gha_52828D80,information,information,information
ID_TS_Eng_Gha_DA09DFA0,information,information,information
ID_TS_Eng_Gha_3ED8C56C,information,information,information
ID_TS_Eng_Gha_D4AAC9A3,information,information,information
ID_TS_Eng_Gha_EF43613C,information,information,information
ID_TS_Eng_Gha_162F8A24,information,information,information
ID_TS_Eng_Gha_4767D76C,information,information,information
ID_TS_Eng_Gha_E1B294DE,information,information,information
ID_TS_Eng_Gha_7367C28D,information,information,information
ID_TS_Eng_Gha_3E6DD58B,information,information,information
ID_TS_Eng_Gha_C01F36BF,information,information,information
ID_TS_Eng_Gha_76F72255,information,information,information
ID_TS_Eng_Ken_AB0E664E,information,information,information
ID_TS_Eng_Ken_6105716B,information,information,information
ID_TS_Eng_Ken_561E16D1,information,information,information
ID_TS_Eng_Ken_7E8ADEE7,information,information,information
ID_TS_Eng_Ken_D9D80B8D,information,information,information
ID_TS_Eng_Ken_533420E6,information,information,information
ID_TS_Eng_Ken_7CD0129D,information,information,information
ID_TS_Eng_Ken_364D7C87,information,information,information
ID_TS_Eng_Ken_5AD5CF06,information,information,information
ID_TS_Eng_Ken_CC3EBDDE,information,information,information
ID_TS_Eng_Ken_4223623B,information,information,information
ID_TS_Eng_Ken_57207246,information,information,information
ID_TS_Eng_Ken_4797B2C9,information,information,information
ID_TS_Eng_Ken_E14EB70D,information,information,information
ID_TS_Eng_Ken_46B98991,information,information,information
ID_TS_Eng_Ken_8E485223,information,information,information
ID_TS_Eng_Ken_0299436A,information,information,information
ID_TS_Eng_Ken_8441AEFD,information,information,information
ID_TS_Eng_Ken_F2B43ABF,information,information,information
ID_TS_Eng_Ken_30E912F2,information,information,information
ID_TS_Eng_Ken_3DC98290,information,information,information
ID_TS_Eng_Ken_7D137018,information,information,information
ID_TS_Eng_Ken_8E200724,information,information,information
ID_TS_Eng_Ken_C2171429,information,information,information
ID_TS_Eng_Ken_B0CBC61F,information,information,information
ID_TS_Eng_Ken_A559E463,information,information,information
ID_TS_Eng_Ken_B63B4DC3,information,information,information
ID_TS_Eng_Ken_CAFDA613,information,information,information
ID_TS_Eng_Ken_046A0DF5,information,information,information
ID_TS_Eng_Ken_17D2582E,information,information,information
ID_TS_Eng_Ken_4B5305E5,information,information,information
ID_TS_Eng_Ken_38BA8ABC,information,information,information
ID_TS_Eng_Ken_6786D506,information,information,information
ID_TS_Eng_Ken_B118F68D,information,information,information
ID_TS_Eng_Ken_3E493F43,information,information,information
ID_TS_Eng_Ken_94E0D3BA,information,information,information
ID_TS_Eng_Ken_8DB06746,information,information,information
ID_TS_Eng_Ken_58007C02,information,information,information
ID_TS_Eng_Ken_6CEDD15D,information,information,information
ID_TS_Eng_Ken_54AEBD1B,information,information,information
ID_TS_Eng_Ken_B3EE4D3B,information,information,information
ID_TS_Eng_Ken_7428A656,information,information,information
ID_TS_Eng_Ken_4E7ED827,information,information,information
ID_TS_Eng_Ken_405BFDC9,information,information,information
ID_TS_Eng_Ken_3B048A8B,information,information,information
ID_TS_Eng_Ken_1EE34DC4,information,information,information
ID_TS_Eng_Ken_314D3441,information,information,information
ID_TS_Eng_Ken_50C7C006,information,information,information
ID_TS_Eng_Ken_1E9B23BC,information,information,information
ID_TS_Eng_Ken_BE2D740A,information,information,information
ID_TS_Eng_Ken_F36CB62B,information,information,information
ID_TS_Eng_Ken_C31EDBBC,information,information,information
ID_TS_Eng_Ken_B0AE8F08,information,information,information
ID_TS_Eng_Ken_2F65FAFA,information,information,information
ID_TS_Eng_Ken_3108D448,information,information,information
ID_TS_Eng_Ken_3764FBDA,information,information,information
ID_TS_Eng_Ken_7BF47042,information,information,information
ID_TS_Eng_Ken_46C8ADFE,information,information,information
ID_TS_Eng_Ken_B97E6703,information,information,information
ID_TS_Eng_Ken_96EF2AD6,information,information,information
ID_TS_Eng_Ken_FA02EAEC,information,information,information
ID_TS_Eng_Ken_C29CFC0C,information,information,information
ID_TS_Eng_Ken_864E9A13,information,information,information
ID_TS_Eng_Ken_98C7472A,information,information,information
ID_TS_Eng_Ken_48729A4D,information,information,information
ID_TS_Eng_Ken_D52721E7,information,information,information
ID_TS_Eng_Ken_31B1B099,information,information,information
ID_TS_Eng_Ken_4BD6CEE6,information,information,information
ID_TS_Eng_Ken_3A3C563E,information,information,information
ID_TS_Eng_Ken_5C62B3A2,information,information,information
ID_TS_Eng_Ken_2DEFE193,information,information,information
ID_TS_Eng_Ken_4D6168BD,information,information,information
ID_TS_Eng_Ken_039F3A25,information,information,information
ID_TS_Eng_Ken_B540B30E,information,information,information
ID_TS_Eng_Ken_2067BDAC,information,information,information
ID_TS_Eng_Ken_0BA6EAB9,information,information,information
ID_TS_Eng_Ken_F96B648A,information,information,information
ID_TS_Eng_Ken_8DA8EEE4,information,information,information
ID_TS_Eng_Ken_4AC9778D,information,information,information
ID_TS_Eng_Ken_B289F224,information,information,information
ID_TS_Eng_Ken_F1AFDB65,information,information,information
ID_TS_Eng_Ken_2053DA42,information,information,information
ID_TS_Eng_Ken_A34B6CF6,information,information,information
ID_TS_Eng_Ken_7DAA39F0,information,information,information
ID_TS_Eng_Ken_1A432F0A,information,information,information
ID_TS_Eng_Ken_0323D342,information,information,information
ID_TS_Eng_Ken_48CA7651,information,information,information
ID_TS_Eng_Ken_782A65E0,information,information,information
ID_TS_Eng_Ken_70C2903F,information,information,information
ID_TS_Eng_Ken_5738811D,information,information,information
ID_TS_Eng_Ken_0D270659,information,information,information
ID_TS_Eng_Ken_40A26C60,information,information,information
ID_TS_Eng_Ken_F0E98B3B,information,information,information
ID_TS_Eng_Ken_DC99E04C,information,information,information
ID_TS_Eng_Ken_1D34D08E,information,information,information
ID_TS_Eng_Ken_D2762BDC,information,information,information
ID_TS_Eng_Ken_6694C343,information,information,information
ID_TS_Eng_Ken_7DE31A51,information,information,information
ID_TS_Eng_Ken_12F70C97,information,information,information
ID_TS_Eng_Ken_93B7A886,information,information,information
ID_TS_Eng_Ken_AFBB411A,information,information,information
ID_TS_Eng_Ken_0DB95301,information,information,information
ID_TS_Eng_Ken_26D794D3,information,information,information
ID_TS_Eng_Ken_2631D00B,information,information,information
ID_TS_Eng_Ken_CFA701CD,information,information,information
ID_TS_Eng_Ken_90164161,information,information,information
ID_TS_Eng_Ken_15CE6A66,information,information,information
ID_TS_Eng_Ken_FE716B14,information,information,information
ID_TS_Eng_Ken_3F897142,information,information,information
ID_TS_Eng_Ken_1E52D770,information,information,information
ID_TS_Eng_Ken_8EDDDFCD,information,information,information
ID_TS_Eng_Ken_C3B290D0,information,information,information
ID_TS_Eng_Ken_6A8A616F,information,information,information
ID_TS_Eng_Ken_9B37A22B,information,information,information
ID_TS_Eng_Ken_989BC4DA,information,information,information
ID_TS_Eng_Ken_9E50AA42,information,information,information
ID_TS_Eng_Ken_85C7504B,information,information,information
ID_TS_Eng_Ken_7354EA6F,information,information,information
ID_TS_Eng_Ken_E893BE3D,information,information,information
ID_TS_Eng_Ken_715629EE,information,information,information
ID_TS_Eng_Ken_4C1F55AB,information,information,information
ID_TS_Eng_Ken_DC33E1F9,information,information,information
ID_TS_Eng_Ken_96A9954F,information,information,information
ID_TS_Eng_Ken_FD72B050,information,information,information
ID_TS_Eng_Ken_6DC7CAC7,information,information,information
ID_TS_Eng_Ken_9191B363,information,information,information
ID_TS_Eng_Ken_9EFBA58B,information,information,information
ID_TS_Eng_Ken_9C10C572,information,information,information
ID_TS_Eng_Ken_F5C9B047,information,information,information
ID_TS_Eng_Ken_BD767E35,information,information,information
ID_TS_Eng_Ken_F295456E,information,information,information
ID_TS_Eng_Ken_C342BD2B,information,information,information
ID_TS_Eng_Ken_3531968D,information,information,information
ID_TS_Eng_Ken_A021C0CA,information,information,information
ID_TS_Eng_Ken_3605BF54,information,information,information
ID_TS_Eng_Ken_43BFD931,information,information,information
ID_TS_Eng_Ken_A911D192,information,information,information
ID_TS_Eng_Ken_2834E4C0,information,information,information
ID_TS_Eng_Ken_3D67CDE9,information,information,information
ID_TS_Eng_Ken_8D4F5D27,information,information,information
ID_TS_Eng_Ken_2812859A,information,information,information
ID_TS_Eng_Ken_00AF5B3A,information,information,information
ID_TS_Eng_Ken_735435EA,information,information,information
ID_TS_Eng_Ken_B07AA066,information,information,information
ID_TS_Eng_Ken_085B15FB,information,information,information
ID_TS_Eng_Ken_3B4206C5,information,information,information
ID_TS_Eng_Ken_49C13DE7,information,information,information
ID_TS_Eng_Ken_B4FB0EB9,information,information,information
ID_TS_Eng_Ken_48603B32,information,information,information
ID_TS_Eng_Ken_B3F6FE0D,information,information,information
ID_TS_Eng_Ken_DC0F2FCF,information,information,information
ID_TS_Eng_Ken_743B65A2,information,information,information
ID_TS_Eng_Ken_1238D630,information,information,information
ID_TS_Eng_Ken_AFF8754D,information,information,information
ID_TS_Eng_Ken_3BC1A987,information,information,information
ID_TS_Eng_Ken_EC856F37,information,information,information
ID_TS_Eng_Ken_43B9DA13,information,information,information
ID_TS_Eng_Ken_C9AF18F8,information,information,information
ID_TS_Eng_Ken_CA8F3653,information,information,information
ID_TS_Eng_Ken_96FC734D,information,information,information
ID_TS_Eng_Ken_CDCCC33A,information,information,information
ID_TS_Eng_Ken_EF04E57D,information,information,information
ID_TS_Eng_Ken_1D61FAC3,information,information,information
ID_TS_Eng_Ken_8B6870B5,information,information,information
ID_TS_Eng_Ken_A5CB63A2,information,information,information
ID_TS_Eng_Ken_26242B40,information,information,information
ID_TS_Eng_Ken_E88DA719,information,information,information
ID_TS_Eng_Uga_44007D5A,information,information,information
ID_TS_Eng_Uga_D39E198B,information,information,information
ID_TS_Eng_Uga_246998E8,information,information,information
ID_TS_Eng_Uga_1247EA4E,information,information,information
ID_TS_Eng_Uga_0F44704F,information,information,information
ID_TS_Eng_Uga_CAE9B4A7,information,information,information
ID_TS_Eng_Uga_4EBFA5C3,information,information,information
ID_TS_Eng_Uga_BFBBB17F,information,information,information
ID_TS_Eng_Uga_D3016989,information,information,information
ID_TS_Eng_Uga_91B78D8E,information,information,information
ID_TS_Eng_Uga_EBD34616,information,information,information
ID_TS_Eng_Uga_49E2623D,information,information,information
ID_TS_Eng_Uga_706C5C56,information,information,information
ID_TS_Eng_Uga_1FD5A423,information,information,information
ID_TS_Eng_Uga_77FC9703,information,information,information
ID_TS_Eng_Uga_B04D3376,information,information,information
ID_TS_Eng_Uga_4DD8EB85,information,information,information
ID_TS_Eng_Uga_B321BF21,information,information,information
ID_TS_Eng_Uga_670ACC5C,information,information,information
ID_TS_Eng_Uga_801EF1DA,information,information,information
ID_TS_Eng_Uga_8A3C3B5E,information,information,information
ID_TS_Eng_Uga_7E695D0D,information,information,information
ID_TS_Eng_Uga_7010F719,information,information,information
ID_TS_Eng_Uga_1497D658,information,information,information
ID_TS_Eng_Uga_9918EE46,information,information,information
ID_TS_Eng_Uga_0A3450FC,information,information,information
ID_TS_Eng_Uga_E3B137FC,information,information,information
ID_TS_Eng_Uga_6E996E3E,information,information,information
ID_TS_Eng_Uga_5283AAC7,information,information,information
ID_TS_Eng_Uga_9A8CFA3C,information,information,information
ID_TS_Eng_Uga_40181C6E,information,information,information
ID_TS_Eng_Uga_069F14F1,information,information,information
ID_TS_Eng_Uga_176132ED,information,information,information
ID_TS_Eng_Uga_3A9ACA5E,information,information,information
ID_TS_Eng_Uga_F63FCE41,information,information,information
ID_TS_Eng_Uga_AC9ED156,information,information,information
ID_TS_Eng_Uga_D6016237,information,information,information
ID_TS_Eng_Uga_DC4AD56B,information,information,information
ID_TS_Eng_Uga_93403FAD,information,information,information
ID_TS_Eng_Uga_964DB03F,information,information,information
ID_TS_Eng_Uga_F366BAD4,information,information,information
ID_TS_Eng_Uga_054F92FF,information,information,information
ID_TS_Eng_Uga_FFE3FA49,information,information,information
ID_TS_Eng_Uga_C3C75611,information,information,information
ID_TS_Eng_Uga_D248A9A7,information,information,information
ID_TS_Eng_Uga_44FEACAE,information,information,information
ID_TS_Eng_Uga_9384EC2B,information,information,information
ID_TS_Eng_Uga_0A4C9F7F,information,information,information
ID_TS_Eng_Uga_C35B1C8C,information,information,information
ID_TS_Eng_Uga_C19AD58C,information,information,information
ID_TS_Eng_Uga_7872BDEB,information,information,information
ID_TS_Eng_Uga_84DAD06A,information,information,information
ID_TS_Eng_Uga_A6C9537F,information,information,information
ID_TS_Eng_Uga_7135F221,information,information,information
ID_TS_Eng_Uga_EA83BF00,information,information,information
ID_TS_Eng_Uga_473544F9,information,information,information
ID_TS_Eng_Uga_2E76128B,information,information,information
ID_TS_Eng_Uga_FF37D19C,information,information,information
ID_TS_Eng_Uga_95D82980,information,information,information
ID_TS_Eng_Uga_6F962882,information,information,information
ID_TS_Eng_Uga_A2814044,information,information,information
ID_TS_Eng_Uga_D0725B5C,information,information,information
ID_TS_Eng_Uga_7DE1BDFE,information,information,information
ID_TS_Eng_Uga_F8140102,information,information,information
ID_TS_Eng_Uga_175BA98D,information,information,information
ID_TS_Eng_Uga_785299F4,information,information,information
ID_TS_Eng_Uga_5913F9D3,information,information,information
ID_TS_Eng_Uga_6889803E,information,information,information
ID_TS_Eng_Uga_5553B2FE,information,information,information
ID_TS_Eng_Uga_5230DFBD,information,information,information
ID_TS_Eng_Uga_AB8DDEB4,information,information,information
ID_TS_Eng_Uga_1AC70EC0,information,information,information
ID_TS_Eng_Uga_DB946570,information,information,information
ID_TS_Eng_Uga_546E035A,information,information,information
ID_TS_Eng_Uga_6961929E,information,information,information
ID_TS_Eng_Uga_B194990B,information,information,information
ID_TS_Eng_Uga_7ED70ED7,information,information,information
ID_TS_Eng_Uga_49C8A43F,information,information,information
ID_TS_Eng_Uga_A99F1318,information,information,information
ID_TS_Eng_Uga_668409E3,information,information,information
ID_TS_Eng_Uga_D045DD1C,information,information,information
ID_TS_Eng_Uga_C2B01CFD,information,information,information
ID_TS_Eng_Uga_8CD321B0,information,information,information
ID_TS_Eng_Uga_0964FBBF,information,information,information
ID_TS_Eng_Uga_746F7891,information,information,information
ID_TS_Eng_Uga_168B1625,information,information,information
ID_TS_Eng_Uga_50843242,information,information,information
ID_TS_Eng_Uga_409D3602,information,information,information
ID_TS_Eng_Uga_52C21221,information,information,information
ID_TS_Eng_Uga_1DAD09B2,information,information,information
ID_TS_Eng_Uga_F85E06A1,information,information,information
ID_TS_Eng_Uga_6778043B,information,information,information
ID_TS_Eng_Uga_DD6AC7B8,information,information,information
ID_TS_Eng_Uga_83BC9478,information,information,information
ID_TS_Eng_Uga_D32E6DCD,information,information,information
ID_TS_Eng_Uga_FCF56188,information,information,information
ID_TS_Eng_Uga_004B6FAB,information,information,information
ID_TS_Eng_Uga_A85C6E4A,information,information,information
ID_TS_Eng_Uga_DE8EDE0B,information,information,information
ID_TS_Eng_Uga_8AE769ED,information,information,information
ID_TS_Eng_Uga_764414FD,information,information,information
ID_TS_Eng_Uga_69CA97D2,information,information,information
ID_TS_Eng_Uga_0DE051A6,information,information,information
ID_TS_Eng_Uga_300568D2,information,information,information
ID_TS_Eng_Uga_84B871BB,information,information,information
ID_TS_Eng_Uga_5C9D927D,information,information,information
ID_TS_Eng_Uga_9F64EEED,information,information,information
ID_TS_Eng_Uga_C1A6423B,information,information,information
ID_TS_Eng_Uga_7F9D3E64,information,information,information
ID_TS_Eng_Uga_A01AC992,information,information,information
ID_TS_Eng_Uga_71299889,information,information,information
ID_TS_Eng_Uga_C28EBD70,information,information,information
ID_TS_Eng_Uga_0D366DFC,information,information,information
ID_TS_Eng_Uga_341C6494,information,information,information
ID_TS_Eng_Uga_445DCC38,information,information,information
ID_TS_Eng_Uga_ED7BF656,information,information,information
ID_TS_Eng_Uga_49BC473F,information,information,information
ID_TS_Eng_Uga_70286046,information,information,information
ID_TS_Eng_Uga_E17F29E1,information,information,information
ID_TS_Eng_Uga_B2C08394,information,information,information
ID_TS_Eng_Uga_7C16128D,information,information,information
ID_TS_Eng_Uga_1F15C7B6,information,information,information
ID_TS_Eng_Uga_0763FCD0,information,information,information
ID_TS_Eng_Uga_F920264C,information,information,information
ID_TS_Eng_Uga_A14923C2,information,information,information
ID_TS_Eng_Uga_9BDF0377,information,information,information
ID_TS_Eng_Uga_CC9FD334,information,information,information
ID_TS_Eng_Uga_3D42993C,information,information,information
ID_TS_Eng_Uga_B5B453CA,information,information,information
ID_TS_Eng_Uga_288B78B5,information,information,information
ID_TS_Eng_Uga_4F8D5238,information,information,information
ID_TS_Eng_Uga_8D03C91E,information,information,information
ID_TS_Eng_Uga_03802B70,information,information,information
ID_TS_Eng_Uga_8D605936,information,information,information
ID_TS_Eng_Uga_687213F9,information,information,information
ID_TS_Eng_Uga_17DC8EFF,information,information,information
ID_TS_Eng_Uga_3985FB62,information,information,information
ID_TS_Eng_Uga_D7665CDA,information,information,information
ID_TS_Eng_Uga_E9B5C5CF,information,information,information
ID_TS_Eng_Uga_1D0BC9BD,information,information,information
ID_TS_Eng_Uga_762172ED,information,information,information
ID_TS_Eng_Uga_F27292B6,information,information,information
ID_TS_Eng_Uga_1E1242E3,information,information,information
ID_TS_Eng_Uga_A5D04D53,information,information,information
ID_TS_Eng_Uga_D50755D9,information,information,information
ID_TS_Eng_Uga_EEC259DC,information,information,information
ID_TS_Eng_Uga_B77350CA,information,information,information
ID_TS_Eng_Uga_4AB7706E,information,information,information
ID_TS_Eng_Uga_82456FB4,information,information,information
ID_TS_Eng_Uga_B495DB4E,information,information,information
ID_TS_Eng_Uga_45FF2C83,information,information,information
ID_TS_Eng_Uga_6A5D932B,information,information,information
ID_TS_Eng_Uga_D5B077E0,information,information,information
ID_TS_Eng_Uga_7B85179A,information,information,information
ID_TS_Eng_Uga_FAF14FF0,information,information,information
ID_TS_Eng_Uga_78E3654B,information,information,information
ID_TS_Eng_Uga_3E652603,information,information,information
ID_TS_Eng_Uga_74EFF545,information,information,information
ID_TS_Eng_Uga_8D1FB540,information,information,information
ID_TS_Eng_Uga_25074181,information,information,information
ID_TS_Eng_Uga_EBFF8D15,information,information,information
ID_TS_Eng_Uga_9970CF60,information,information,information
ID_TS_Eng_Uga_821C1336,information,information,information
ID_TS_Eng_Uga_BF0D073D,information,information,information
ID_TS_Eng_Uga_22F235F2,information,information,information
ID_TS_Eng_Uga_DD30DE89,information,information,information
ID_TS_Eng_Uga_11DF12D7,information,information,information
ID_TS_Eng_Uga_46B82659,information,information,information
ID_TS_Eng_Uga_C5CE099C,information,information,information
ID_TS_Eng_Uga_CA3DD859,information,information,information
ID_TS_Eng_Uga_DABAC50D,information,information,information
ID_TS_Eng_Uga_57021049,information,information,information
ID_TS_Eng_Uga_EF2AE713,information,information,information
ID_TS_Eng_Uga_81FB18B3,information,information,information
ID_TS_Eng_Uga_44656D6B,information,information,information
ID_TS_Eng_Uga_D20F87D0,information,information,information
ID_TS_Eng_Uga_486822B9,information,information,information
ID_TS_Eng_Uga_B9DE7A3A,information,information,information
ID_TS_Eng_Uga_4C6E27FF,information,information,information
ID_TS_Eng_Uga_D664D264,information,information,information
ID_TS_Eng_Uga_FFB8102D,information,information,information
ID_TS_Eng_Uga_A8F1E091,information,information,information
ID_TS_Eng_Uga_7D5911C6,information,information,information
ID_TS_Eng_Uga_260A5962,information,information,information
ID_TS_Eng_Uga_7250EE18,information,information,information
ID_TS_Eng_Uga_89E06AB3,information,information,information
ID_TS_Eng_Uga_7BFDCC12,information,information,information
ID_TS_Eng_Uga_585A0AFA,information,information,information
ID_TS_Eng_Uga_8D4A75B8,information,information,information
ID_TS_Eng_Uga_C34B9FBB,information,information,information
ID_TS_Eng_Uga_8B1E3B9D,information,information,information
ID_TS_Eng_Uga_EECF67D2,information,information,information
ID_TS_Eng_Uga_5260001E,information,information,information
ID_TS_Eng_Uga_DE9E3757,information,information,information
ID_TS_Eng_Uga_304B8590,information,information,information
ID_TS_Eng_Uga_FB140BC3,information,information,information
ID_TS_Eng_Uga_B28F41DE,information,information,information
ID_TS_Eng_Uga_3D225C30,information,information,information
ID_TS_Eng_Uga_9261549D,information,information,information
ID_TS_Eng_Uga_620A60AC,information,information,information
ID_TS_Eng_Uga_DB23AA8C,information,information,information
ID_TS_Eng_Uga_C68A152F,information,information,information
ID_TS_Eng_Uga_69288E92,information,information,information
ID_TS_Eng_Uga_0B2C782A,information,information,information
ID_TS_Eng_Uga_517400F8,information,information,information
ID_TS_Eng_Uga_BEA4FF31,information,information,information
ID_TS_Eng_Uga_7914F8A8,information,information,information
ID_TS_Eng_Uga_B489D070,information,information,information
ID_TS_Eng_Uga_E9D68F23,information,information,information
ID_TS_Eng_Uga_CFB87E6F,information,information,information
ID_TS_Eng_Uga_61985D54,information,information,information
ID_TS_Eng_Uga_62D60E93,information,information,information
ID_TS_Eng_Uga_FD08B32C,information,information,information
ID_TS_Eng_Uga_CADA4F80,information,information,information
ID_TS_Eng_Uga_D21C82F8,information,information,information
ID_TS_Eng_Uga_A6EAB79E,information,information,information
ID_TS_Eng_Uga_FB16E5DB,information,information,information
ID_TS_Eng_Uga_26F05FCF,information,information,information
ID_TS_Eng_Uga_7ECDDBAF,information,information,information
ID_TS_Eng_Uga_F6FEBC0E,information,information,information
ID_TS_Eng_Uga_097A1E10,information,information,information
ID_TS_Eng_Uga_2051ACEF,information,information,information
ID_TS_Eng_Uga_80962718,information,information,information
ID_TS_Eng_Uga_F72169BB,information,information,information
ID_TS_Eng_Uga_9716108E,information,information,information
ID_TS_Eng_Uga_54FD9AD3,information,information,information
ID_TS_Eng_Uga_DEA4AE17,information,information,information
ID_TS_Eng_Uga_19B17E80,information,information,information
ID_TS_Eng_Uga_DFCAF0B7,information,information,information
ID_TS_Eng_Uga_D85480F0,information,information,information
ID_TS_Eng_Uga_70B7E868,information,information,information
ID_TS_Eng_Uga_1986B4B2,information,information,information
ID_TS_Eng_Uga_86A4BAE4,information,information,information
ID_TS_Eng_Uga_E912B4BF,information,information,information
ID_TS_Eng_Uga_74F93D17,information,information,information
ID_TS_Eng_Uga_03EDD1F8,information,information,information
ID_TS_Eng_Uga_24E75E8E,information,information,information
ID_TS_Eng_Uga_68F45BCE,information,information,information
ID_TS_Eng_Uga_DEF57689,information,information,information
ID_TS_Eng_Uga_F84F16B3,information,information,information
ID_TS_Eng_Uga_2784378F,information,information,information
ID_TS_Eng_Uga_1327F1BC,information,information,information
ID_TS_Eng_Uga_78308930,information,information,information
ID_TS_Eng_Uga_C8120A8E,information,information,information
ID_TS_Eng_Uga_F81DBAA1,information,information,information
ID_TS_Eng_Uga_43D88870,information,information,information
ID_TS_Eng_Uga_56ABF2F1,information,information,information
ID_TS_Eng_Uga_9F8DED97,information,information,information
ID_TS_Eng_Uga_B15516BC,information,information,information
ID_TS_Eng_Uga_65C17795,information,information,information
ID_TS_Eng_Uga_A65BB1F2,information,information,information
ID_TS_Eng_Uga_148F8B74,information,information,information
ID_TS_Eng_Uga_DA0D4A5F,information,information,information
ID_TS_Eng_Uga_541CDFCD,information,information,information
ID_TS_Eng_Uga_DA330AA1,information,information,information
ID_TS_Eng_Uga_ACA2B148,information,information,information
ID_TS_Eng_Uga_DBFDD97E,information,information,information
ID_TS_Eng_Uga_889B78D5,information,information,information
ID_TS_Eng_Uga_61484BB3,information,information,information
ID_TS_Eng_Uga_F4427E0B,information,information,information
ID_TS_Eng_Uga_5110B492,information,information,information
ID_TS_Eng_Uga_A075E927,information,information,information
ID_TS_Eng_Uga_B7FDDD71,information,information,information
ID_TS_Eng_Uga_C268283E,information,information,information
ID_TS_Eng_Uga_7CEA2045,information,information,information
ID_TS_Eng_Uga_DF547E50,information,information,information
ID_TS_Eng_Uga_0930AEF6,information,information,information
ID_TS_Eng_Uga_9E11D2CD,information,information,information
ID_TS_Eng_Uga_118405AD,information,information,information
ID_TS_Eng_Uga_3C19E71D,information,information,information
ID_TS_Eng_Uga_A193C4B2,information,information,information
ID_TS_Eng_Uga_AF34CF65,information,information,information
ID_TS_Eng_Uga_EBC2026F,information,information,information
ID_TS_Eng_Uga_FF574E2B,information,information,information
ID_TS_Eng_Uga_3A3C8A71,information,information,information
ID_TS_Eng_Uga_BF2C14A0,information,information,information
ID_TS_Eng_Uga_FA745761,information,information,information
ID_TS_Eng_Uga_1933918C,information,information,information
ID_TS_Eng_Uga_C2A79689,information,information,information
ID_TS_Eng_Uga_A23D4C2F,information,information,information
ID_TS_Eng_Uga_B4323070,information,information,information
ID_TS_Eng_Uga_DF615A5C,information,information,information
ID_TS_Eng_Uga_19BAD7AE,information,information,information
ID_TS_Eng_Uga_4CA9CF07,information,information,information
ID_TS_Eng_Uga_E746CCB9,information,information,information
ID_TS_Eng_Uga_0769165F,information,information,information
ID_TS_Eng_Uga_0BC61066,information,information,information
ID_TS_Eng_Uga_530A37DF,information,information,information
ID_TS_Eng_Uga_0E5DD462,information,information,information
ID_TS_Eng_Uga_4B1A269B,information,information,information
ID_TS_Eng_Uga_5BC440F1,information,information,information
ID_TS_Eng_Uga_5FF595EA,information,information,information
ID_TS_Eng_Uga_6E417D47,information,information,information
ID_TS_Eng_Uga_25440FE0,information,information,information
ID_TS_Eng_Uga_3E83B91F,information,information,information
ID_TS_Eng_Uga_87FA841A,information,information,information
ID_TS_Eng_Uga_697C3923,information,information,information
ID_TS_Eng_Uga_AE8A7813,information,information,information
ID_TS_Eng_Uga_2E183554,information,information,information
ID_TS_Eng_Uga_2B840C67,information,information,information
ID_TS_Eng_Uga_2CD1586A,information,information,information
ID_TS_Eng_Uga_14374509,information,information,information
ID_TS_Eng_Uga_9C07A751,information,information,information
ID_TS_Eng_Uga_DEEF580F,information,information,information
ID_TS_Eng_Uga_61EE6C5B,information,information,information
ID_TS_Eng_Uga_9EA556AA,information,information,information
ID_TS_Eng_Uga_AEE1E86B,information,information,information
ID_TS_Eng_Uga_3DA70577,information,information,information
ID_TS_Eng_Uga_7F671EEC,information,information,information
ID_TS_Eng_Uga_E9AF299D,information,information,information
ID_TS_Eng_Uga_9549C931,information,information,information
ID_TS_Eng_Uga_24A35CF2,information,information,information
ID_TS_Eng_Uga_3B70B3A1,information,information,information
ID_TS_Eng_Uga_760DEBBB,information,information,information
ID_TS_Eng_Uga_A34DB7C5,information,information,information
ID_TS_Eng_Uga_75A66981,information,information,information
ID_TS_Eng_Uga_415D174A,information,information,information
ID_TS_Eng_Uga_AAB612C9,information,information,information
ID_TS_Eng_Uga_0267DEB3,information,information,information
ID_TS_Eng_Uga_E61EDE90,information,information,information
ID_TS_Eng_Uga_CDFC6EE0,information,information,information
ID_TS_Eng_Uga_771AD655,information,information,information
ID_TS_Eng_Uga_E6B5A92C,information,information,information
ID_TS_Eng_Uga_49A23A89,information,information,information
ID_TS_Eng_Uga_AD77E82F,information,information,information
ID_TS_Eng_Uga_8BEDDB12,information,information,information
ID_TS_Eng_Uga_28711733,information,information,information
ID_TS_Eng_Uga_12E89D10,information,information,information
ID_TS_Eng_Uga_711533F3,information,information,information
ID_TS_Eng_Uga_F1FAF665,information,information,information
ID_TS_Eng_Uga_5876FD09,information,information,information
ID_TS_Eng_Uga_FCD6BDCA,information,information,information
ID_TS_Eng_Uga_966B1964,information,information,information
ID_TS_Eng_Uga_4C955F6A,information,information,information
ID_TS_Eng_Uga_A3917C99,information,information,information
ID_TS_Eng_Uga_F6478986,information,information,information
ID_TS_Eng_Uga_6C9F82B9,information,information,information
ID_TS_Eng_Uga_40066FF2,information,information,information
ID_TS_Eng_Uga_D865D69A,information,information,information
ID_TS_Eng_Uga_4D57D880,information,information,information
ID_TS_Eng_Uga_32FFE294,information,information,information
ID_TS_Eng_Uga_FFD6F232,information,information,information
ID_TS_Eng_Uga_627B41A1,information,information,information
ID_TS_Eng_Uga_DA743152,information,information,information
ID_TS_Eng_Uga_7BB38605,information,information,information
ID_TS_Eng_Uga_1B4DA0FE,information,information,information
ID_TS_Eng_Uga_3CB98350,information,information,information
ID_TS_Eng_Uga_61A11729,information,information,information
ID_TS_Eng_Uga_92698698,information,information,information
ID_TS_Eng_Uga_5BE4BF51,information,information,information
ID_TS_Eng_Uga_9326DFFD,information,information,information
ID_TS_Eng_Uga_FE2110D0,information,information,information
ID_TS_Eng_Uga_B303F438,information,information,information
ID_TS_Eng_Uga_4B943E30,information,information,information
ID_TS_Eng_Uga_059DD55D,information,information,information
ID_TS_Eng_Uga_FA5A91CA,information,information,information
ID_TS_Eng_Uga_A881BFD3,information,information,information
ID_TS_Eng_Uga_6553867D,information,information,information
ID_TS_Eng_Uga_0212B554,information,information,information
ID_TS_Eng_Uga_90E0B95F,information,information,information
ID_TS_Eng_Uga_DD750E98,information,information,information
ID_TS_Eng_Uga_AF908E3C,information,information,information
ID_TS_Eng_Uga_C73F6E1B,information,information,information
ID_TS_Eng_Uga_BEA29DFE,information,information,information
ID_TS_Eng_Uga_F93E08D5,information,information,information
ID_TS_Eng_Uga_0C8E29E3,information,information,information
ID_TS_Eng_Uga_E91E314E,information,information,information
ID_TS_Eng_Uga_9B3D74BD,information,information,information
ID_TS_Eng_Uga_BEC39A37,information,information,information
ID_TS_Eng_Uga_7F2984F5,information,information,information
ID_TS_Eng_Uga_D534EE1D,information,information,information
ID_TS_Eng_Uga_E776B886,information,information,information
ID_TS_Eng_Uga_4944051B,information,information,information
ID_TS_Eng_Uga_C696F5E6,information,information,information
ID_TS_Eng_Uga_CC8218DA,information,information,information
ID_TS_Eng_Uga_3AE909FE,information,information,information
ID_TS_Eng_Uga_9B689C88,information,information,information
ID_TS_Eng_Uga_5A31B4CC,information,information,information
ID_TS_Eng_Uga_3810AE66,information,information,information
ID_TS_Eng_Uga_A2F963A3,information,information,information
ID_TS_Eng_Uga_30AC7D7B,information,information,information
ID_TS_Eng_Uga_9EF2B93E,information,information,information
ID_TS_Eng_Uga_402913EC,information,information,information
ID_TS_Eng_Uga_AD81F8BD,information,information,information
ID_TS_Eng_Uga_C16D83ED,information,information,information
ID_TS_Eng_Uga_B88EC318,information,information,information
ID_TS_Eng_Uga_C478F6F1,information,information,information
ID_TS_Eng_Uga_A8C01F05,information,information,information
ID_TS_Eng_Uga_AE4C84FF,information,information,information
ID_TS_Eng_Uga_2303F6C6,information,information,information
ID_TS_Eng_Uga_A0D4DE3D,information,information,information
ID_TS_Eng_Uga_18DFBC3C,information,information,information
ID_TS_Eng_Uga_E7457704,information,information,information
ID_TS_Eng_Uga_A0A11839,information,information,information
ID_TS_Eng_Uga_A5769411,information,information,information
ID_TS_Eng_Uga_0A17991E,information,information,information
ID_TS_Eng_Uga_4F1639A0,information,information,information
ID_TS_Eng_Uga_C9E26074,information,information,information
ID_TS_Eng_Uga_70D9C9F8,information,information,information
ID_TS_Eng_Uga_088A93EC,information,information,information
ID_TS_Eng_Uga_945EF2E4,information,information,information
ID_TS_Eng_Uga_5D678BB1,information,information,information
ID_TS_Eng_Uga_21A4344F,information,information,information
ID_TS_Eng_Uga_1712FB16,information,information,information
ID_TS_Eng_Uga_E8DD5E5A,information,information,information
ID_TS_Eng_Uga_4B8C5BDC,information,information,information
ID_TS_Eng_Uga_53A3DD5A,information,information,information
ID_TS_Eng_Uga_BF5AE7E6,information,information,information
ID_TS_Eng_Uga_6A5E6920,information,information,information
ID_TS_Eng_Uga_2CF6BF75,information,information,information
ID_TS_Eng_Uga_336749B5,information,information,information
ID_TS_Eng_Uga_21D53971,information,information,information
ID_TS_Eng_Uga_8A16A06C,information,information,information
ID_TS_Eng_Uga_E05FB8BC,information,information,information
ID_TS_Eng_Uga_F8B38A8B,information,information,information
ID_TS_Eng_Uga_5DA8D6D2,information,information,information
ID_TS_Eng_Uga_87E5F0FE,information,information,information
ID_TS_Eng_Uga_E9DA484A,information,information,information
ID_TS_Eng_Uga_45C45A3E,information,information,information
ID_TS_Eng_Uga_D499DA99,information,information,information
ID_TS_Eng_Uga_2A1F955A,information,information,information
ID_TS_Eng_Uga_41C8CA8C,information,information,information
ID_TS_Eng_Uga_E9FF1CAE,information,information,information
ID_TS_Eng_Uga_D31EDF1A,information,information,information
ID_TS_Eng_Uga_F1B64AFE,information,information,information
ID_TS_Eng_Uga_7B5A611A,information,information,information
ID_TS_Eng_Uga_F7A67B94,information,information,information
ID_TS_Eng_Uga_CE7607AD,information,information,information
ID_TS_Eng_Uga_BF1E8366,information,information,information
ID_TS_Eng_Uga_DED255D0,information,information,information
ID_TS_Eng_Uga_56B60AFC,information,information,information
ID_TS_Eng_Uga_CDE22F1C,information,information,information
ID_TS_Eng_Uga_1D7BC313,information,information,information
ID_TS_Eng_Uga_77E490C7,information,information,information
ID_TS_Eng_Uga_F6802CDB,information,information,information
ID_TS_Eng_Uga_1346D1A9,information,information,information
ID_TS_Eng_Uga_2408A6DC,information,information,information
ID_TS_Eng_Uga_C1101266,information,information,information
ID_TS_Eng_Uga_F76C8EDE,information,information,information
ID_TS_Eng_Uga_39C1E262,information,information,information
ID_TS_Eng_Uga_DC322C97,information,information,information
ID_TS_Eng_Uga_AD238D36,information,information,information
ID_TS_Eng_Uga_B966442A,information,information,information
ID_TS_Eng_Uga_ACA5E2FD,information,information,information
ID_TS_Eng_Uga_FADD7EA3,information,information,information
ID_TS_Eng_Uga_65BCC272,information,information,information
ID_TS_Eng_Uga_F79EFD70,information,information,information
ID_TS_Eng_Uga_D882B5C1,information,information,information
ID_TS_Eng_Uga_8EAC0A33,information,information,information
ID_TS_Eng_Uga_171E16CC,information,information,information
ID_TS_Eng_Uga_CA6A2224,information,information,information
ID_TS_Eng_Uga_6502D6A2,information,information,information
ID_TS_Eng_Uga_03902C5D,information,information,information
ID_TS_Eng_Uga_43B38EB4,information,information,information
ID_TS_Eng_Uga_895CCD99,information,information,information
ID_TS_Eng_Uga_1FA382E8,information,information,information
ID_TS_Eng_Uga_746CDB77,information,information,information
ID_TS_Eng_Uga_5E5BA13D,information,information,information
ID_TS_Eng_Uga_AC3E7B0D,information,information,information
ID_TS_Eng_Uga_BFBF397B,information,information,information
ID_TS_Eng_Uga_AC1E86D8,information,information,information
ID_TS_Eng_Uga_431D029F,information,information,information
ID_TS_Eng_Uga_95A5BAFA,information,information,information
ID_TS_Eng_Uga_618AE305,information,information,information
ID_TS_Eng_Uga_D289F0AB,information,information,information
ID_TS_Eng_Uga_A377F6F1,information,information,information
ID_TS_Eng_Uga_1BBC91F7,information,information,information
ID_TS_Eng_Uga_ACC216A0,information,information,information
ID_TS_Eng_Uga_3BDBC09E,information,information,information
ID_TS_Eng_Uga_78B2B549,information,information,information
ID_TS_Eng_Uga_066803EE,information,information,information
ID_TS_Eng_Uga_9E9A9F83,information,information,information
ID_TS_Eng_Uga_E25D36EB,information,information,information
ID_TS_Eng_Uga_F1738856,information,information,information
ID_TS_Eng_Uga_8FB864E4,information,information,information
ID_TS_Eng_Uga_53F8382B,information,information,information
ID_TS_Eng_Uga_EA4E3617,information,information,information
ID_TS_Eng_Uga_9C2E58DE,information,information,information
ID_TS_Eng_Uga_38AB854C,information,information,information
ID_TS_Eng_Uga_A5CC8BF7,information,information,information
ID_TS_Eng_Uga_102EFDE5,information,information,information
ID_TS_Eng_Uga_A2A9D4D8,information,information,information
ID_TS_Eng_Uga_D2E82F38,information,information,information
ID_TS_Eng_Uga_E8CDA0CC,information,information,information
ID_TS_Eng_Uga_B379CB1E,information,information,information
ID_TS_Eng_Uga_4D5C55C7,information,information,information
ID_TS_Eng_Uga_688613DB,information,information,information
ID_TS_Eng_Uga_1DDE7969,information,information,information
ID_TS_Eng_Uga_0B9BD934,information,information,information
ID_TS_Eng_Uga_F23E323D,information,information,information
ID_TS_Eng_Uga_0986BBEB,information,information,information
ID_TS_Eng_Uga_4DEAD645,information,information,information
ID_TS_Eng_Uga_FEF518A6,information,information,information
ID_TS_Eng_Uga_1DBA1267,information,information,information
ID_TS_Eng_Uga_18E19331,information,information,information
ID_TS_Eng_Uga_3C1BDACC,information,information,information
ID_TS_Eng_Uga_899CA782,information,information,information
ID_TS_Eng_Uga_22BAE10E,information,information,information
ID_TS_Eng_Uga_637E4B01,information,information,information
ID_TS_Eng_Uga_7421FF46,information,information,information
ID_TS_Eng_Uga_5EFA9C5B,information,information,information
ID_TS_Eng_Uga_ABA4FC03,information,information,information
ID_TS_Eng_Uga_F30A9E32,information,information,information
ID_TS_Eng_Uga_BE3E6E57,information,information,information
ID_TS_Eng_Uga_F22B5B98,information,information,information
ID_TS_Eng_Uga_8A4A0E2D,information,information,information
ID_TS_Eng_Uga_965BEFDF,information,information,information
ID_TS_Eng_Uga_BE055787,information,information,information
ID_TS_Eng_Uga_BA0266EF,information,information,information
ID_TS_Eng_Uga_E2AA7A5D,information,information,information
ID_TS_Eng_Uga_A7A8F636,information,information,information
ID_TS_Eng_Uga_19597B5A,information,information,information
ID_TS_Eng_Uga_D56CE8EA,information,information,information
ID_TS_Eng_Uga_9D9B6231,information,information,information
ID_TS_Eng_Uga_687A4850,information,information,information
ID_TS_Eng_Uga_F065C817,information,information,information
ID_TS_Eng_Uga_F396EA37,information,information,information
ID_TS_Eng_Uga_479D0CDA,information,information,information
ID_TS_Eng_Uga_08601833,information,information,information
ID_TS_Eng_Uga_5EDB0D3C,information,information,information
ID_TS_Eng_Uga_71818DCF,information,information,information
ID_TS_Eng_Uga_F3579560,information,information,information
ID_TS_Eng_Uga_3C71E0BE,information,information,information
ID_TS_Eng_Uga_DAFEC8A9,information,information,information
ID_TS_Eng_Uga_FB1E143B,information,information,information
ID_TS_Eng_Uga_AF88BDEC,information,information,information
ID_TS_Eng_Uga_8B621D41,information,information,information
ID_TS_Eng_Uga_E6D5901D,information,information,information
ID_TS_Eng_Uga_FA53E34D,information,information,information
ID_TS_Eng_Uga_A5135EA0,information,information,information
ID_TS_Eng_Uga_5BD20C98,information,information,information
ID_TS_Eng_Uga_65EC7ACD,information,information,information
ID_TS_Eng_Uga_46A02A9B,information,information,information
ID_TS_Eng_Uga_30974B2B,information,information,information
ID_TS_Eng_Uga_F7DC67E0,information,information,information
ID_TS_Eng_Uga_1F45DBFD,information,information,information
ID_TS_Eng_Uga_F2F25EEF,information,information,information
ID_TS_Eng_Uga_D918B3E5,information,information,information
ID_TS_Eng_Uga_D2FE2FDE,information,information,information
ID_TS_Eng_Uga_74685B98,information,information,information
ID_TS_Eng_Uga_1777E8CB,information,information,information
ID_TS_Eng_Uga_364C911A,information,information,information
ID_TS_Eng_Uga_A446BE72,information,information,information
ID_TS_Eng_Uga_A3B5CECE,information,information,information
ID_TS_Eng_Uga_98DE8EBB,information,information,information
ID_TS_Eng_Uga_F8999246,information,information,information
ID_TS_Eng_Uga_0577AEA9,information,information,information
ID_TS_Eng_Uga_0CF2B69B,information,information,information
ID_TS_Eng_Uga_C96B5EDB,information,information,information
ID_TS_Eng_Uga_5560DB22,information,information,information
ID_TS_Eng_Uga_3E5A87E3,information,information,information
ID_TS_Eng_Uga_FD235DEF,information,information,information
ID_TS_Eng_Uga_203C8C25,information,information,information
ID_TS_Eng_Uga_C9776598,information,information,information
ID_TS_Eng_Uga_90882EAF,information,information,information
ID_TS_Eng_Uga_11906F50,information,information,information
ID_TS_Eng_Uga_C3E15A85,information,information,information
ID_TS_Eng_Uga_8DE08FC2,information,information,information
ID_TS_Eng_Uga_350843F0,information,information,information
ID_TS_Eng_Uga_961D33BA,information,information,information
ID_TS_Eng_Uga_3748967F,information,information,information
ID_TS_Eng_Uga_D0243D72,information,information,information
ID_TS_Eng_Uga_DEA45C19,information,information,information
ID_TS_Eng_Uga_3BA5CD2F,information,information,information
ID_TS_Eng_Uga_541C7A86,information,information,information
ID_TS_Eng_Uga_C63D04EE,information,information,information
ID_TS_Eng_Uga_25C61C45,information,information,information
ID_TS_Eng_Uga_C9E48E8C,information,information,information
ID_TS_Eng_Uga_E68933A9,information,information,information
ID_TS_Eng_Uga_989240AC,information,information,information
ID_TS_Eng_Uga_46FB7BF3,information,information,information
ID_TS_Eng_Uga_DBC080FD,information,information,information
ID_TS_Eng_Uga_FBE94499,information,information,information
ID_TS_Eng_Uga_250A4578,information,information,information
ID_TS_Eng_Uga_21472A15,information,information,information
ID_TS_Eng_Uga_8A4B8F7C,information,information,information
ID_TS_Eng_Uga_402ADF9C,information,information,information
ID_TS_Eng_Uga_CC6B66E5,information,information,information
ID_TS_Eng_Uga_2CABD7E7,information,information,information
ID_TS_Eng_Uga_1C24220E,information,information,information
ID_TS_Eng_Uga_DDCF8766,information,information,information
ID_TS_Eng_Uga_06998731,information,information,information
ID_TS_Eng_Uga_21BDDB41,information,information,information
ID_TS_Eng_Uga_5BB5C40C,information,information,information
ID_TS_Eng_Uga_CA3C6F5F,information,information,information
ID_TS_Eng_Uga_C9D6A63B,information,information,information
ID_TS_Eng_Uga_3CE915E7,information,information,information
ID_TS_Eng_Uga_96BF10AB,information,information,information
ID_TS_Eng_Uga_52E2AFD9,information,information,information
ID_TS_Eng_Uga_040A3AAE,information,information,information
ID_TS_Eng_Uga_2C9B662E,information,information,information
ID_TS_Eng_Uga_43EF2016,information,information,information
ID_TS_Eng_Uga_0D6A05B3,information,information,information
ID_TS_Eng_Uga_20733F6D,information,information,information
ID_TS_Eng_Uga_BDE13C1B,information,information,information
ID_TS_Eng_Uga_6BC4123E,information,information,information
ID_TS_Eng_Uga_86AD8A8C,information,information,information
ID_TS_Eng_Uga_1D181EE9,information,information,information
ID_TS_Eng_Uga_BEE3EB79,information,information,information
ID_TS_Eng_Uga_104556E5,information,information,information
ID_TS_Eng_Uga_79EB4168,information,information,information
ID_TS_Eng_Uga_72C22A16,information,information,information
ID_TS_Eng_Uga_C72C1FE3,information,information,information
ID_TS_Eng_Uga_5CAE9610,information,information,information
ID_TS_Eng_Uga_83639007,information,information,information
ID_TS_Eng_Uga_97FA7F04,information,information,information
ID_TS_Eng_Uga_1BEAF6AC,information,information,information
ID_TS_Eng_Uga_73B6A09B,information,information,information
ID_TS_Eng_Uga_80FB9296,information,information,information
ID_TS_Eng_Uga_F206C269,information,information,information
ID_TS_Eng_Uga_0B19F88E,information,information,information
ID_TS_Eng_Uga_BA2C98CE,information,information,information
ID_TS_Eng_Uga_C8819065,information,information,information
ID_TS_Eng_Uga_E8A3F341,information,information,information
ID_TS_Eng_Uga_DDF275EB,information,information,information
ID_TS_Eng_Uga_A8ADDF36,information,information,information
ID_TS_Eng_Uga_857DD3B3,information,information,information
ID_TS_Eng_Uga_4D37A539,information,information,information
ID_TS_Eng_Uga_75424646,information,information,information
ID_TS_Eng_Uga_A4B1F991,information,information,information
ID_TS_Eng_Uga_F6CA6B8B,information,information,information
ID_TS_Eng_Uga_07F97D05,information,information,information
ID_TS_Eng_Uga_0F9240E1,information,information,information
ID_TS_Eng_Uga_FFA361BE,information,information,information
ID_TS_Eng_Uga_7A9E8EEF,information,information,information
ID_TS_Eng_Uga_D8E88EBB,information,information,information
ID_TS_Eng_Uga_66D06371,information,information,information
ID_TS_Eng_Uga_6D204496,information,information,information
ID_TS_Eng_Uga_AFA415E5,information,information,information
ID_TS_Eng_Uga_1BA362E7,information,information,information
ID_TS_Eng_Uga_7D824264,information,information,information
ID_TS_Eng_Uga_B65FEEA9,information,information,information
ID_TS_Eng_Uga_718D4D05,information,information,information
ID_TS_Eng_Uga_12D0498D,information,information,information
ID_TS_Eng_Uga_14AEAF5C,information,information,information
ID_TS_Eng_Uga_5275EB94,information,information,information
ID_TS_Eng_Uga_9BB96155,information,information,information
ID_TS_Eng_Uga_10D08D11,information,information,information
ID_TS_Eng_Uga_204E178C,information,information,information
ID_TS_Eng_Uga_466772CE,information,information,information
ID_TS_Eng_Uga_9FD34579,information,information,information
ID_TS_Eng_Uga_A21150F9,information,information,information
ID_TS_Eng_Uga_95DA75C1,information,information,information
ID_TS_Eng_Uga_8C611654,information,information,information
ID_TS_Eng_Uga_B64FA54A,information,information,information
ID_TS_Eng_Uga_533F5A72,information,information,information
ID_TS_Eng_Uga_6182F347,information,information,information
ID_TS_Eng_Uga_FE9FECAA,information,information,information
ID_TS_Eng_Uga_98EEAC2B,information,information,information
ID_TS_Eng_Uga_87D292A6,information,information,information
ID_TS_Eng_Uga_4B7E6B3C,information,information,information
ID_TS_Eng_Uga_7426B193,information,information,information
ID_TS_Eng_Uga_816BCB9F,information,information,information
ID_TS_Eng_Uga_9AFD4015,information,information,information
ID_TS_Eng_Uga_6E218B09,information,information,information
ID_TS_Eng_Uga_1963C26D,information,information,information
ID_TS_Eng_Uga_CB08587D,information,information,information
ID_TS_Eng_Uga_B3A7D0E0,information,information,information
ID_TS_Eng_Uga_1D4A3D81,information,information,information
ID_TS_Eng_Uga_DA509FED,information,information,information
ID_TS_Eng_Uga_A79B44B6,information,information,information
ID_TS_Eng_Uga_A6A27967,information,information,information
ID_TS_Eng_Uga_E0B15ABA,information,information,information
ID_TS_Eng_Uga_C4DABDDB,information,information,information
ID_TS_Eng_Uga_8D244E3E,information,information,information
ID_TS_Eng_Uga_B888F6ED,information,information,information
ID_TS_Eng_Uga_DD90E79E,information,information,information
ID_TS_Eng_Uga_370BC063,information,information,information
ID_TS_Eng_Uga_6E191042,information,information,information
ID_TS_Eng_Uga_73991A47,information,information,information
ID_TS_Eng_Uga_E359EEE1,information,information,information
ID_TS_Eng_Uga_3A7E8E14,information,information,information
ID_TS_Eng_Uga_69EFAFB1,information,information,information
ID_TS_Eng_Uga_56C438E4,information,information,information
ID_TS_Eng_Uga_D3D1BF0F,information,information,information
ID_TS_Eng_Uga_74188109,information,information,information
ID_TS_Eng_Uga_6A7E4C36,information,information,information
ID_TS_Eng_Uga_BAC7E2B9,information,information,information
ID_TS_Eng_Uga_18578BAF,information,information,information
ID_TS_Eng_Uga_50032B35,information,information,information
ID_TS_Eng_Uga_6D4067F4,information,information,information
ID_TS_Eng_Uga_50018B7B,information,information,information
ID_TS_Eng_Uga_AA448259,information,information,information
ID_TS_Eng_Uga_4140752C,information,information,information
ID_TS_Eng_Uga_5FD23109,information,information,information
ID_TS_Eng_Uga_F41EA3AC,information,information,information
ID_TS_Eng_Uga_2713582C,information,information,information
ID_TS_Eng_Uga_AFD380C4,information,information,information
ID_TS_Eng_Uga_EC48BF55,information,information,information
ID_TS_Eng_Uga_112FA612,information,information,information
ID_TS_Eng_Uga_175A81EC,information,information,information
ID_TS_Eng_Uga_D4EF00AA,information,information,information
ID_TS_Eng_Uga_15DA705C,information,information,information
ID_TS_Eng_Uga_17DDED81,information,information,information
ID_TS_Eng_Uga_6E8F75A1,information,information,information
ID_TS_Eng_Uga_18B87245,information,information,information
ID_TS_Eng_Uga_BE9D61EE,information,information,information
ID_TS_Eng_Uga_5F65C8CE,information,information,information
ID_TS_Eng_Uga_CFD01CBD,information,information,information
ID_TS_Eng_Uga_214F3F12,information,information,information
ID_TS_Eng_Uga_8E6E5003,information,information,information
ID_TS_Eng_Uga_0F5AE9D3,information,information,information
ID_TS_Eng_Uga_96229348,information,information,information
ID_TS_Eng_Uga_F4E559E5,information,information,information
ID_TS_Eng_Uga_8FC42092,information,information,information
ID_TS_Eng_Uga_8FCA7B6A,information,information,information
ID_TS_Eng_Uga_5463ADC7,information,information,information
ID_TS_Eng_Uga_AB85FD59,information,information,information
ID_TS_Eng_Uga_692AC139,information,information,information
ID_TS_Eng_Uga_5A856750,information,information,information
ID_TS_Eng_Uga_DFA4BB9F,information,information,information
ID_TS_Eng_Uga_AA53C19C,information,information,information
ID_TS_Eng_Uga_C012A0FF,information,information,information
ID_TS_Eng_Uga_DE3B496F,information,information,information
ID_TS_Eng_Uga_EA74BB18,information,information,information
ID_TS_Eng_Uga_B8976EC5,information,information,information
ID_TS_Eng_Uga_F7E8F8E5,information,information,information
ID_TS_Eng_Uga_49A214AE,information,information,information
ID_TS_Eng_Uga_99B479D4,information,information,information
ID_TS_Eng_Uga_4FFCA6B1,information,information,information
ID_TS_Eng_Uga_5A057C11,information,information,information
ID_TS_Eng_Uga_93F277CC,information,information,information
ID_TS_Eng_Uga_81E5C9F6,information,information,information
ID_TS_Eng_Uga_36760CE5,information,information,information
ID_TS_Eng_Uga_279C658A,information,information,information
ID_TS_Eng_Uga_A81FDEC3,information,information,information
ID_TS_Eng_Uga_7B70C3B8,information,information,information
ID_TS_Eng_Uga_39681C81,information,information,information
ID_TS_Eng_Uga_D8E7012F,information,information,information
ID_TS_Eng_Uga_1BB43332,information,information,information
ID_TS_Eng_Uga_59A1120E,information,information,information
ID_TS_Eng_Uga_D86A6460,information,information,information
ID_TS_Eng_Uga_8E676A01,information,information,information
ID_TS_Eng_Uga_5E187B24,information,information,information
ID_TS_Eng_Uga_1D691FBA,information,information,information
ID_TS_Eng_Uga_C33A1F6C,information,information,information
ID_TS_Eng_Uga_92F837D4,information,information,information
ID_TS_Eng_Uga_39E58FF0,information,information,information
ID_TS_Eng_Uga_CEA60F4C,information,information,information
ID_TS_Eng_Uga_D85C16BD,information,information,information
ID_TS_Eng_Uga_8F9B72AE,information,information,information
ID_TS_Eng_Uga_F97BE2DD,information,information,information
ID_TS_Eng_Uga_C4767556,information,information,information
ID_TS_Eng_Uga_D1846C39,information,information,information
ID_TS_Lug_Uga_9F294A8B,information,information,information
ID_TS_Lug_Uga_9D132363,information,information,information
ID_TS_Lug_Uga_ACCB461A,information,information,information
ID_TS_Lug_Uga_A487EEAB,information,information,information
ID_TS_Lug_Uga_8E867F3C,information,information,information
ID_TS_Lug_Uga_06B89231,information,information,information
ID_TS_Lug_Uga_9BE71737,information,information,information
ID_TS_Lug_Uga_EDD877C8,information,information,information
ID_TS_Lug_Uga_A867A096,information,information,information
ID_TS_Lug_Uga_D4578AD9,information,information,information
ID_TS_Lug_Uga_B18753E6,information,information,information
ID_TS_Lug_Uga_44777442,information,information,information
ID_TS_Lug_Uga_076979D6,information,information,information
ID_TS_Lug_Uga_2E2FBF77,information,information,information
ID_TS_Lug_Uga_45F50C52,information,information,information
ID_TS_Lug_Uga_B3E4110A,information,information,information
ID_TS_Lug_Uga_C32D4526,information,information,information
ID_TS_Lug_Uga_4F199EC0,information,information,information
ID_TS_Lug_Uga_EBE9E207,information,information,information
ID_TS_Lug_Uga_56FEBFB9,information,information,information
ID_TS_Lug_Uga_59DCABD0,information,information,information
ID_TS_Lug_Uga_01902620,information,information,information
ID_TS_Lug_Uga_2E709838,information,information,information
ID_TS_Lug_Uga_DEAF528D,information,information,information
ID_TS_Lug_Uga_24AC2130,information,information,information
ID_TS_Lug_Uga_90FA6B57,information,information,information
ID_TS_Lug_Uga_A847BCE7,information,information,information
ID_TS_Lug_Uga_6699CD99,information,information,information
ID_TS_Lug_Uga_11D059B2,information,information,information
ID_TS_Lug_Uga_2451E5A4,information,information,information
ID_TS_Lug_Uga_BDB025FF,information,information,information
ID_TS_Lug_Uga_A2178F84,information,information,information
ID_TS_Lug_Uga_F8C88FAE,information,information,information
ID_TS_Lug_Uga_07D924CE,information,information,information
ID_TS_Lug_Uga_177D6E7E,information,information,information
ID_TS_Lug_Uga_BF012E32,information,information,information
ID_TS_Lug_Uga_87CDB6A1,information,information,information
ID_TS_Lug_Uga_3712F2D1,information,information,information
ID_TS_Lug_Uga_604E46CB,information,information,information
ID_TS_Lug_Uga_6B7A2460,information,information,information
ID_TS_Lug_Uga_74222167,information,information,information
ID_TS_Lug_Uga_5744F596,information,information,information
ID_TS_Lug_Uga_284BF962,information,information,information
ID_TS_Lug_Uga_5EBBCCA5,information,information,information
ID_TS_Lug_Uga_4FC77768,information,information,information
ID_TS_Lug_Uga_B8BA8368,information,information,information
ID_TS_Lug_Uga_530AC1C7,information,information,information
ID_TS_Lug_Uga_C6DEB2F0,information,information,information
ID_TS_Lug_Uga_F10013A7,information,information,information
ID_TS_Lug_Uga_914DCFAE,information,information,information
ID_TS_Lug_Uga_98A21F1C,information,information,information
ID_TS_Lug_Uga_15BFBE97,information,information,information
ID_TS_Lug_Uga_E222B6A6,information,information,information
ID_TS_Lug_Uga_0D77C5A0,information,information,information
ID_TS_Lug_Uga_27D415B6,information,information,information
ID_TS_Lug_Uga_284C03D2,information,information,information
ID_TS_Lug_Uga_C122B5B3,information,information,information
ID_TS_Lug_Uga_9E2AA4AC,information,information,information
ID_TS_Lug_Uga_0CBD3C03,information,information,information
ID_TS_Lug_Uga_AC8936BC,information,information,information
ID_TS_Lug_Uga_14E286E5,information,information,information
ID_TS_Lug_Uga_45A88829,information,information,information
ID_TS_Lug_Uga_716FDA0A,information,information,information
ID_TS_Lug_Uga_A974D079,information,information,information
ID_TS_Lug_Uga_6C8C3B6A,information,information,information
ID_TS_Lug_Uga_7C54535F,information,information,information
ID_TS_Lug_Uga_9B69554D,information,information,information
ID_TS_Lug_Uga_7129CEC7,information,information,information
ID_TS_Lug_Uga_6A07F213,information,information,information
ID_TS_Lug_Uga_45EE432D,information,information,information
ID_TS_Lug_Uga_372F871A,information,information,information
ID_TS_Lug_Uga_C143F426,information,information,information
ID_TS_Lug_Uga_832920B7,information,information,information
ID_TS_Lug_Uga_1D2324E6,information,information,information
ID_TS_Lug_Uga_585D3F86,information,information,information
ID_TS_Lug_Uga_6E0ED1E8,information,information,information
ID_TS_Lug_Uga_1C6345AB,information,information,information
ID_TS_Lug_Uga_4882D73C,information,information,information
ID_TS_Lug_Uga_AD9FB00D,information,information,information
ID_TS_Lug_Uga_ADB14670,information,information,information
ID_TS_Lug_Uga_97D7A560,information,information,information
ID_TS_Lug_Uga_7C93F6CC,information,information,information
ID_TS_Lug_Uga_86E52753,information,information,information
ID_TS_Lug_Uga_AAC93316,information,information,information
ID_TS_Lug_Uga_4EF492C1,information,information,information
ID_TS_Lug_Uga_0BA078E8,information,information,information
ID_TS_Lug_Uga_3873E57F,information,information,information
ID_TS_Lug_Uga_652FFB49,information,information,information
ID_TS_Lug_Uga_FC04A168,information,information,information
ID_TS_Lug_Uga_996D5C50,information,information,information
ID_TS_Lug_Uga_0E0630CD,information,information,information
ID_TS_Lug_Uga_01F7C7EC,information,information,information
ID_TS_Lug_Uga_345512F7,information,information,information
ID_TS_Lug_Uga_4D29D1AB,information,information,information
ID_TS_Lug_Uga_F200C261,information,information,information
ID_TS_Lug_Uga_36136E15,information,information,information
ID_TS_Lug_Uga_C47104C0,information,information,information
ID_TS_Lug_Uga_2321D1E1,information,information,information
ID_TS_Lug_Uga_C3A00C6F,information,information,information
ID_TS_Lug_Uga_4169B9FC,information,information,information
ID_TS_Lug_Uga_4A193501,information,information,information
ID_TS_Lug_Uga_53FFD3A2,information,information,information
ID_TS_Lug_Uga_1EB74B56,information,information,information
ID_TS_Lug_Uga_01FA964E,information,information,information
ID_TS_Lug_Uga_7F54A511,information,information,information
ID_TS_Lug_Uga_BF3C5140,information,information,information
ID_TS_Lug_Uga_6E3F683A,information,information,information
ID_TS_Lug_Uga_2CFA55B0,information,information,information
ID_TS_Lug_Uga_2112507C,information,information,information
ID_TS_Lug_Uga_61554667,information,information,information
ID_TS_Lug_Uga_88575117,information,information,information
ID_TS_Lug_Uga_B423CCDE,information,information,information
ID_TS_Lug_Uga_3AE88926,information,information,information
ID_TS_Lug_Uga_8011316B,information,information,information
ID_TS_Lug_Uga_8F0881EE,information,information,information
ID_TS_Lug_Uga_D556B37D,information,information,information
ID_TS_Lug_Uga_AB05347F,information,information,information
ID_TS_Lug_Uga_CE6322B6,information,information,information
ID_TS_Lug_Uga_5AAAB32F,information,information,information
ID_TS_Lug_Uga_12738A23,information,information,information
ID_TS_Lug_Uga_65A674C2,information,information,information
ID_TS_Lug_Uga_DC9C96DE,information,information,information
ID_TS_Lug_Uga_BDF66BA5,information,information,information
ID_TS_Lug_Uga_0AD45230,information,information,information
ID_TS_Lug_Uga_6FAC1673,information,information,information
ID_TS_Lug_Uga_04CC3EDE,information,information,information
ID_TS_Lug_Uga_75B27455,information,information,information
ID_TS_Lug_Uga_EBD14D2C,information,information,information
ID_TS_Lug_Uga_13EECDC6,information,information,information
ID_TS_Lug_Uga_DCB33DF3,information,information,information
ID_TS_Lug_Uga_5024BDC6,information,information,information
ID_TS_Lug_Uga_9364F3D0,information,information,information
ID_TS_Lug_Uga_6DE59332,information,information,information
ID_TS_Lug_Uga_92CA525A,information,information,information
ID_TS_Lug_Uga_67884209,information,information,information
ID_TS_Lug_Uga_B5A1B949,information,information,information
ID_TS_Lug_Uga_A3E05309,information,information,information
ID_TS_Lug_Uga_6AEDFDC7,information,information,information
ID_TS_Lug_Uga_4A1DAB32,information,information,information
ID_TS_Lug_Uga_1D7C0098,information,information,information
ID_TS_Lug_Uga_67B03283,information,information,information
ID_TS_Lug_Uga_0556DAEA,information,information,information
ID_TS_Lug_Uga_F758DCE2,information,information,information
ID_TS_Lug_Uga_532401FC,information,information,information
ID_TS_Lug_Uga_2BFFE17B,information,information,information
ID_TS_Lug_Uga_CD2372C2,information,information,information
ID_TS_Lug_Uga_F296D9F0,information,information,information
ID_TS_Lug_Uga_9E3D750D,information,information,information
ID_TS_Lug_Uga_75C8E90D,information,information,information
ID_TS_Lug_Uga_D4FFA666,information,information,information
ID_TS_Lug_Uga_B08A4895,information,information,information
ID_TS_Lug_Uga_EB7607C9,information,information,information
ID_TS_Lug_Uga_5CA260C9,information,information,information
ID_TS_Lug_Uga_168FAE12,information,information,information
ID_TS_Lug_Uga_6FCC57DD,information,information,information
ID_TS_Lug_Uga_D8302081,information,information,information
ID_TS_Lug_Uga_1B19D8B8,information,information,information
ID_TS_Lug_Uga_3E49FD09,information,information,information
ID_TS_Lug_Uga_6F887F28,information,information,information
ID_TS_Lug_Uga_96C044D0,information,information,information
ID_TS_Lug_Uga_6683E107,information,information,information
ID_TS_Lug_Uga_862268D1,information,information,information
ID_TS_Lug_Uga_1422373F,information,information,information
ID_TS_Lug_Uga_6550F74A,information,information,information
ID_TS_Lug_Uga_DEDAB027,information,information,information
ID_TS_Lug_Uga_4F6E274B,information,information,information
ID_TS_Lug_Uga_BEED10B6,information,information,information
ID_TS_Lug_Uga_56EA57B3,information,information,information
ID_TS_Lug_Uga_38B8F24E,information,information,information
ID_TS_Lug_Uga_5543FC3C,information,information,information
ID_TS_Lug_Uga_C77444CB,information,information,information
ID_TS_Lug_Uga_2B0ABEDD,information,information,information
ID_TS_Lug_Uga_138D994C,information,information,information
ID_TS_Lug_Uga_82AF085C,information,information,information
ID_TS_Lug_Uga_A21B0307,information,information,information
ID_TS_Lug_Uga_1D30D990,information,information,information
ID_TS_Lug_Uga_87D5B7BE,information,information,information
ID_TS_Lug_Uga_828C37E7,information,information,information
ID_TS_Lug_Uga_31A3AC4D,information,information,information
ID_TS_Lug_Uga_E7EA8D5A,information,information,information
ID_TS_Lug_Uga_C6B6E4AD,information,information,information
ID_TS_Lug_Uga_5970A859,information,information,information
ID_TS_Lug_Uga_59E1AC09,information,information,information
ID_TS_Lug_Uga_BA35844E,information,information,information
ID_TS_Lug_Uga_F54E2019,information,information,information
ID_TS_Lug_Uga_D1A69D87,information,information,information
ID_TS_Lug_Uga_A53BC024,information,information,information
ID_TS_Lug_Uga_D0A643FE,information,information,information
ID_TS_Lug_Uga_25CF0041,information,information,information
ID_TS_Lug_Uga_3C7C1D85,information,information,information
ID_TS_Lug_Uga_1A5165CA,information,information,information
ID_TS_Lug_Uga_257D5E52,information,information,information
ID_TS_Lug_Uga_4187222B,information,information,information
ID_TS_Lug_Uga_328067A1,information,information,information
ID_TS_Lug_Uga_2C6A6E9A,information,information,information
ID_TS_Lug_Uga_9A36D1EC,information,information,information
ID_TS_Lug_Uga_2722796E,information,information,information
ID_TS_Lug_Uga_C29D782B,information,information,information
ID_TS_Lug_Uga_C257CF73,information,information,information
ID_TS_Lug_Uga_A7CF705C,information,information,information
ID_TS_Lug_Uga_134A5A2F,information,information,information
ID_TS_Lug_Uga_2D5972C6,information,information,information
ID_TS_Lug_Uga_F387E1BD,information,information,information
ID_TS_Lug_Uga_C5D95F51,information,information,information
ID_TS_Lug_Uga_A0C14035,information,information,information
ID_TS_Lug_Uga_7E7E7419,information,information,information
ID_TS_Lug_Uga_76C5A0DC,information,information,information
ID_TS_Lug_Uga_C1235C91,information,information,information
ID_TS_Lug_Uga_9050F7EF,information,information,information
ID_TS_Lug_Uga_C2874F06,information,information,information
ID_TS_Lug_Uga_9458054E,information,information,information
ID_TS_Lug_Uga_72EB7474,information,information,information
ID_TS_Lug_Uga_AE5EC365,information,information,information
ID_TS_Lug_Uga_EC955F87,information,information,information
ID_TS_Lug_Uga_E1CDE87F,information,information,information
ID_TS_Lug_Uga_9082889B,information,information,information
ID_TS_Lug_Uga_A49B1CD9,information,information,information
ID_TS_Lug_Uga_A2A2E91F,information,information,information
ID_TS_Lug_Uga_FC8D5B93,information,information,information
ID_TS_Lug_Uga_9FE0A8C7,information,information,information
ID_TS_Lug_Uga_52BDC661,information,information,information
ID_TS_Lug_Uga_DD3F487E,information,information,information
ID_TS_Lug_Uga_F891B0C3,information,information,information
ID_TS_Lug_Uga_A09151E0,information,information,information
ID_TS_Lug_Uga_50EE7A92,information,information,information
ID_TS_Lug_Uga_26A524E3,information,information,information
ID_TS_Lug_Uga_70944BDB,information,information,information
ID_TS_Lug_Uga_117B355B,information,information,information
ID_TS_Lug_Uga_780B3657,information,information,information
ID_TS_Lug_Uga_71348C2A,information,information,information
ID_TS_Lug_Uga_A1A27485,information,information,information
ID_TS_Lug_Uga_4D85A3D2,information,information,information
ID_TS_Lug_Uga_CBDC4318,information,information,information
ID_TS_Lug_Uga_46510367,information,information,information
ID_TS_Lug_Uga_97674900,information,information,information
ID_TS_Lug_Uga_0E614BCD,information,information,information
ID_TS_Lug_Uga_5A18E2A3,information,information,information
ID_TS_Lug_Uga_81E0D489,information,information,information
ID_TS_Lug_Uga_12FE28BF,information,information,information
ID_TS_Lug_Uga_4F76E388,information,information,information
ID_TS_Lug_Uga_7634C169,information,information,information
ID_TS_Lug_Uga_73B0A091,information,information,information
ID_TS_Lug_Uga_09A0A0F6,information,information,information
ID_TS_Lug_Uga_0E9058B6,information,information,information
ID_TS_Lug_Uga_5E659654,information,information,information
ID_TS_Lug_Uga_D4EA120A,information,information,information
ID_TS_Lug_Uga_497DE16D,information,information,information
ID_TS_Lug_Uga_13A4A492,information,information,information
ID_TS_Lug_Uga_A508DC95,information,information,information
ID_TS_Lug_Uga_DD3F7D7E,information,information,information
ID_TS_Lug_Uga_FA34D2E8,information,information,information
ID_TS_Lug_Uga_DAF481A7,information,information,information
ID_TS_Lug_Uga_171DABF9,information,information,information
ID_TS_Lug_Uga_9D713084,information,information,information
ID_TS_Lug_Uga_98159D6C,information,information,information
ID_TS_Lug_Uga_81CF3252,information,information,information
ID_TS_Lug_Uga_626D719D,information,information,information
ID_TS_Lug_Uga_7674456F,information,information,information
ID_TS_Lug_Uga_949077C2,information,information,information
ID_TS_Lug_Uga_8DE7AD6C,information,information,information
ID_TS_Lug_Uga_F4488385,information,information,information
ID_TS_Lug_Uga_CAB4923B,information,information,information
ID_TS_Lug_Uga_BD29EDE9,information,information,information
ID_TS_Lug_Uga_E5582E16,information,information,information
ID_TS_Lug_Uga_0A8076EC,information,information,information
ID_TS_Lug_Uga_7321BF6B,information,information,information
ID_TS_Lug_Uga_E8B77F7B,information,information,information
ID_TS_Lug_Uga_CF501889,information,information,information
ID_TS_Lug_Uga_925817B7,information,information,information
ID_TS_Lug_Uga_A6DED1D8,information,information,information
ID_TS_Lug_Uga_30307633,information,information,information
ID_TS_Lug_Uga_524F93FF,information,information,information
ID_TS_Lug_Uga_9AE1A991,information,information,information
ID_TS_Lug_Uga_79C2D2E4,information,information,information
ID_TS_Lug_Uga_80599B93,information,information,information
ID_TS_Lug_Uga_269ED4C9,information,information,information
ID_TS_Lug_Uga_F52D4AF2,information,information,information
ID_TS_Lug_Uga_0FD6F47E,information,information,information
ID_TS_Lug_Uga_73557B9D,information,information,information
ID_TS_Lug_Uga_1A7F195B,information,information,information
ID_TS_Lug_Uga_CF9B8558,information,information,information
ID_TS_Lug_Uga_E62D2D06,information,information,information
ID_TS_Lug_Uga_D65E59DD,information,information,information
ID_TS_Lug_Uga_57EB89B1,information,information,information
ID_TS_Lug_Uga_FB7D9F1C,information,information,information
ID_TS_Lug_Uga_B6DD6257,information,information,information
ID_TS_Lug_Uga_15969802,information,information,information
ID_TS_Lug_Uga_812A1F9B,information,information,information
ID_TS_Lug_Uga_A56895C6,information,information,information
ID_TS_Lug_Uga_2C2CD22B,information,information,information
ID_TS_Lug_Uga_0A0537F0,information,information,information
ID_TS_Lug_Uga_3F6C21F7,information,information,information
ID_TS_Lug_Uga_B526B22D,information,information,information
ID_TS_Lug_Uga_7010ED13,information,information,information
ID_TS_Lug_Uga_FDB1429E,information,information,information
ID_TS_Lug_Uga_707DF251,information,information,information
ID_TS_Lug_Uga_86295B5D,information,information,information
ID_TS_Lug_Uga_85D2D0A6,information,information,information
ID_TS_Lug_Uga_9C1C3517,information,information,information
ID_TS_Lug_Uga_28A39779,information,information,information
ID_TS_Lug_Uga_5D286AA4,information,information,information
ID_TS_Lug_Uga_5F733A3E,information,information,information
ID_TS_Lug_Uga_EAFDE7D9,information,information,information
ID_TS_Lug_Uga_486BB6BF,information,information,information
ID_TS_Lug_Uga_632DBB5E,information,information,information
ID_TS_Lug_Uga_68A51C68,information,information,information
ID_TS_Lug_Uga_C6435300,information,information,information
ID_TS_Lug_Uga_569F3AB3,information,information,information
ID_TS_Lug_Uga_ADCC3DAF,information,information,information
ID_TS_Lug_Uga_990F0C5B,information,information,information
ID_TS_Lug_Uga_0D67D38E,information,information,information
ID_TS_Lug_Uga_CA0AC6AC,information,information,information
ID_TS_Lug_Uga_A181C85E,information,information,information
ID_TS_Lug_Uga_A5B5CDC2,information,information,information
ID_TS_Lug_Uga_55AB946D,information,information,information
ID_TS_Lug_Uga_10DF9974,information,information,information
ID_TS_Lug_Uga_54669D19,information,information,information
ID_TS_Lug_Uga_18318AA3,information,information,information
ID_TS_Lug_Uga_8ED6AD5E,information,information,information
ID_TS_Lug_Uga_ADAA44CA,information,information,information
ID_TS_Lug_Uga_62F5DF2B,information,information,information
ID_TS_Lug_Uga_48BDDB3E,information,information,information
ID_TS_Lug_Uga_4082CBB9,information,information,information
ID_TS_Lug_Uga_B9469BCF,information,information,information
ID_TS_Lug_Uga_DA003F16,information,information,information
ID_TS_Lug_Uga_A8149562,information,information,information
ID_TS_Lug_Uga_F6E39356,information,information,information
ID_TS_Lug_Uga_E806133C,information,information,information
ID_TS_Lug_Uga_9A4A99B2,information,information,information
ID_TS_Lug_Uga_DF8F4197,information,information,information
ID_TS_Lug_Uga_267EDDCE,information,information,information
ID_TS_Lug_Uga_555736F8,information,information,information
ID_TS_Lug_Uga_14DD5061,information,information,information
ID_TS_Lug_Uga_952E6ABB,information,information,information
ID_TS_Lug_Uga_A9E27BA9,information,information,information
ID_TS_Lug_Uga_2434A678,information,information,information
ID_TS_Lug_Uga_EAAFE543,information,information,information
ID_TS_Lug_Uga_598DDAEC,information,information,information
ID_TS_Lug_Uga_4F6B58C8,information,information,information
ID_TS_Lug_Uga_F7BAF55E,information,information,information
ID_TS_Lug_Uga_A7F333B3,information,information,information
ID_TS_Lug_Uga_B2CF952D,information,information,information
ID_TS_Lug_Uga_A981B098,information,information,information
ID_TS_Lug_Uga_64575BC4,information,information,information
ID_TS_Lug_Uga_2102F9C9,information,information,information
ID_TS_Lug_Uga_98549F22,information,information,information
ID_TS_Lug_Uga_B576255E,information,information,information
ID_TS_Lug_Uga_F020E992,information,information,information
ID_TS_Lug_Uga_15B02530,information,information,information
ID_TS_Lug_Uga_4F40C22F,information,information,information
ID_TS_Lug_Uga_8F158449,information,information,information
ID_TS_Lug_Uga_606E0E1C,information,information,information
ID_TS_Lug_Uga_A4BBF962,information,information,information
ID_TS_Lug_Uga_CAAA5BBE,information,information,information
ID_TS_Lug_Uga_54170A17,information,information,information
ID_TS_Lug_Uga_D02CE0C1,information,information,information
ID_TS_Lug_Uga_20B71785,information,information,information
ID_TS_Lug_Uga_AB8CBF97,information,information,information
ID_TS_Lug_Uga_B3ECB951,information,information,information
ID_TS_Lug_Uga_D436A7A8,information,information,information
ID_TS_Lug_Uga_F275B5F3,information,information,information
ID_TS_Lug_Uga_BD20563B,information,information,information
ID_TS_Lug_Uga_FF4625AF,information,information,information
ID_TS_Lug_Uga_AF77520E,information,information,information
ID_TS_Lug_Uga_E99630F7,information,information,information
ID_TS_Lug_Uga_86C1B6CB,information,information,information
ID_TS_Lug_Uga_17EC889C,information,information,information
ID_TS_Lug_Uga_A561E1E9,information,information,information
ID_TS_Lug_Uga_ABA301CB,information,information,information
ID_TS_Lug_Uga_6C645C15,information,information,information
ID_TS_Lug_Uga_822C4D32,information,information,information
ID_TS_Lug_Uga_5CA0C428,information,information,information
ID_TS_Lug_Uga_04AAC1B7,information,information,information
ID_TS_Lug_Uga_5CD33369,information,information,information
ID_TS_Swa_Ken_4F11D8DC,information,information,information
ID_TS_Swa_Ken_2E25B5EE,information,information,information
ID_TS_Swa_Ken_F37FD50D,information,information,information
ID_TS_Swa_Ken_36D55494,information,information,information
ID_TS_Swa_Ken_577BC55A,information,information,information
ID_TS_Swa_Ken_F29A6339,information,information,information
ID_TS_Swa_Ken_C422D03E,information,information,information
ID_TS_Swa_Ken_7C7C404E,information,information,information
ID_TS_Swa_Ken_31274148,information,information,information
ID_TS_Swa_Ken_39FEB99C,information,information,information
ID_TS_Swa_Ken_FFFE77C8,information,information,information
ID_TS_Swa_Ken_23377BBC,information,information,information
ID_TS_Swa_Ken_27AA7CBC,information,information,information
ID_TS_Swa_Ken_13C11754,information,information,information
ID_TS_Swa_Ken_4BB907EC,information,information,information
ID_TS_Swa_Ken_D82C7565,information,information,information
ID_TS_Swa_Ken_C9C23E69,information,information,information
ID_TS_Swa_Ken_19E45C6A,information,information,information
ID_TS_Swa_Ken_81F7F3FB,information,information,information
ID_TS_Swa_Ken_C5580BB2,information,information,information
ID_TS_Swa_Ken_8A2E6A93,information,information,information
ID_TS_Swa_Ken_D5CA69AB,information,information,information
ID_TS_Swa_Ken_BD17C5E8,information,information,information
ID_TS_Swa_Ken_E238FE93,information,information,information
ID_TS_Swa_Ken_86CAC6F4,information,information,information
ID_TS_Swa_Ken_09A9D1C1,information,information,information
ID_TS_Swa_Ken_A97431DB,information,information,information
ID_TS_Swa_Ken_56363094,information,information,information
ID_TS_Swa_Ken_E05B46C5,information,information,information
ID_TS_Swa_Ken_C42CBC39,information,information,information
ID_TS_Swa_Ken_9E374F7A,information,information,information
ID_TS_Swa_Ken_218C6E1C,information,information,information
ID_TS_Swa_Ken_98E52499,information,information,information
ID_TS_Swa_Ken_6070B6A1,information,information,information
ID_TS_Swa_Ken_277D1BE9,information,information,information
ID_TS_Swa_Ken_29890880,information,information,information
ID_TS_Swa_Ken_2E4BEBC4,information,information,information
ID_TS_Swa_Ken_D4D30795,information,information,information
ID_TS_Swa_Ken_B15E54F6,information,information,information
ID_TS_Swa_Ken_C566AA81,information,information,information
ID_TS_Swa_Ken_9FEEFDFF,information,information,information
ID_TS_Swa_Ken_CF1D7D3A,information,information,information
ID_TS_Swa_Ken_E7147668,information,information,information
ID_TS_Swa_Ken_2A60C652,information,information,information
ID_TS_Swa_Ken_B89F72F3,information,information,information
ID_TS_Swa_Ken_700B5D5F,information,information,information
ID_TS_Swa_Ken_0B2F6D5C,information,information,information
ID_TS_Swa_Ken_692E07B6,information,information,information
ID_TS_Swa_Ken_5D42B9E9,information,information,information
ID_TS_Swa_Ken_AD261EC5,information,information,information
ID_TS_Swa_Ken_B836C448,information,information,information
ID_TS_Swa_Ken_3CCEC76C,information,information,information
ID_TS_Swa_Ken_F836F571,information,information,information
ID_TS_Swa_Ken_71B701AA,information,information,information
ID_TS_Swa_Ken_9C4FFB46,information,information,information
ID_TS_Swa_Ken_48F1096D,information,information,information
ID_TS_Swa_Ken_C09CB506,information,information,information
ID_TS_Swa_Ken_BFA016C2,information,information,information
ID_TS_Swa_Ken_C8A723E9,information,information,information
ID_TS_Swa_Ken_72ECF16E,information,information,information
ID_TS_Swa_Ken_3BE79DF4,information,information,information
ID_TS_Swa_Ken_88B4F474,information,information,information
ID_TS_Swa_Ken_3D3A2582,information,information,information
ID_TS_Swa_Ken_4F3949A8,information,information,information
ID_TS_Swa_Ken_F7315749,information,information,information
ID_TS_Swa_Ken_CF01F944,information,information,information
ID_TS_Swa_Ken_C8CC7CFE,information,information,information
ID_TS_Swa_Ken_78116802,information,information,information
ID_TS_Swa_Ken_E76ADCA9,information,information,information
ID_TS_Swa_Ken_D5C9FDC7,information,information,information
ID_TS_Swa_Ken_31AB0B56,information,information,information
ID_TS_Swa_Ken_5E2AD32D,information,information,information
ID_TS_Swa_Ken_ADA58417,information,information,information
ID_TS_Swa_Ken_F2771F63,information,information,information
ID_TS_Swa_Ken_92070158,information,information,information
ID_TS_Swa_Ken_FC043F08,information,information,information
ID_TS_Swa_Ken_70CAFDD8,information,information,information
ID_TS_Swa_Ken_7630A8A7,information,information,information
ID_TS_Swa_Ken_C4F9ECCD,information,information,information
ID_TS_Swa_Ken_48223120,information,information,information
ID_TS_Swa_Ken_C7332304,information,information,information
ID_TS_Swa_Ken_61C2645A,information,information,information
ID_TS_Swa_Ken_80BE7E35,information,information,information
ID_TS_Swa_Ken_87079AD4,information,information,information
ID_TS_Swa_Ken_6B2D5B09,information,information,information
ID_TS_Swa_Ken_F75D599F,information,information,information
ID_TS_Swa_Ken_297CA4FF,information,information,information
ID_TS_Swa_Ken_D11FC8C0,information,information,information
ID_TS_Swa_Ken_331F63FB,information,information,information
ID_TS_Swa_Ken_CD1F5318,information,information,information
ID_TS_Swa_Ken_9ACB394A,information,information,information
ID_TS_Swa_Ken_236E1608,information,information,information
ID_TS_Swa_Ken_DF7D0DD7,information,information,information
ID_TS_Swa_Ken_400035F0,information,information,information
ID_TS_Swa_Ken_0D5BA7CD,information,information,information
ID_TS_Swa_Ken_A4244F23,information,information,information
ID_TS_Swa_Ken_7B07FD31,information,information,information
ID_TS_Swa_Ken_DFC620CE,information,information,information
ID_TS_Swa_Ken_5F07C1A5,information,information,information
ID_TS_Swa_Ken_8DF661DA,information,information,information
ID_TS_Swa_Ken_EF2DDCC4,information,information,information
ID_TS_Swa_Ken_1A435206,information,information,information
ID_TS_Swa_Ken_B61E5FDB,information,information,information
ID_TS_Swa_Ken_D88C656D,information,information,information
ID_TS_Swa_Ken_8412A335,information,information,information
ID_TS_Swa_Ken_D9E604B3,information,information,information
ID_TS_Swa_Ken_1FEAE1E0,information,information,information
ID_TS_Swa_Ken_48F9E3D0,information,information,information
ID_TS_Swa_Ken_1578D709,information,information,information
ID_TS_Swa_Ken_C35B9FEA,information,information,information
ID_TS_Swa_Ken_290A3ABB,information,information,information
ID_TS_Swa_Ken_45D5A68D,information,information,information
ID_TS_Swa_Ken_73069588,information,information,information
ID_TS_Swa_Ken_E7C225DA,information,information,information
ID_TS_Swa_Ken_836B15C7,information,information,information
ID_TS_Swa_Ken_25B8A42F,information,information,information
ID_TS_Swa_Ken_D4BF7A4B,information,information,information
ID_TS_Swa_Ken_6FFE33B3,information,information,information
ID_TS_Swa_Ken_177A8A5F,information,information,information
ID_TS_Swa_Ken_F24823AB,information,information,information
ID_TS_Swa_Ken_E916DA57,information,information,information
ID_TS_Swa_Ken_38D77B9A,information,information,information
ID_TS_Swa_Ken_D11376E0,information,information,information
ID_TS_Swa_Ken_737D1FB6,information,information,information
ID_TS_Swa_Ken_E27718C5,information,information,information
ID_TS_Swa_Ken_597E6845,information,information,information
ID_TS_Swa_Ken_EE33688D,information,information,information
ID_TS_Swa_Ken_06D3DB93,information,information,information
ID_TS_Swa_Ken_6A36AF18,information,information,information
ID_TS_Swa_Ken_0DA23E5C,information,information,information
ID_TS_Swa_Ken_657E01C9,information,information,information
ID_TS_Swa_Ken_808389C8,information,information,information
ID_TS_Swa_Ken_5FBBF0B1,information,information,information
ID_TS_Swa_Ken_3C5BF3A7,information,information,information
ID_TS_Swa_Ken_62DBC850,information,information,information
ID_TS_Swa_Ken_FE9936A3,information,information,information
ID_TS_Swa_Ken_14E4180C,information,information,information
ID_TS_Swa_Ken_5FFA46EF,information,information,information
ID_TS_Swa_Ken_397B5F51,information,information,information
ID_TS_Swa_Ken_07374C86,information,information,information
ID_TS_Swa_Ken_519554E3,information,information,information
ID_TS_Swa_Ken_EE4A9B5D,information,information,information
ID_TS_Swa_Ken_195D82F8,information,information,information
ID_TS_Swa_Ken_D6D441CC,information,information,information
ID_TS_Swa_Ken_B6F6DBF1,information,information,information
ID_TS_Swa_Ken_A663D2CD,information,information,information
ID_TS_Swa_Ken_55D596AF,information,information,information
ID_TS_Swa_Ken_CA97EBF5,information,information,information
ID_TS_Swa_Ken_25637CC3,information,information,information
ID_TS_Swa_Ken_2339BA19,information,information,information
ID_TS_Swa_Ken_09CE3CFB,information,information,information
ID_TS_Swa_Ken_4970ED9A,information,information,information
ID_TS_Swa_Ken_EADA79A3,information,information,information
ID_TS_Swa_Ken_D46B415D,information,information,information
ID_TS_Swa_Ken_78F2CE6B,information,information,information
ID_TS_Swa_Ken_B231C60B,information,information,information
ID_TS_Swa_Ken_D4C3A832,information,information,information
ID_TS_Swa_Ken_2387EAF6,information,information,information
ID_TS_Swa_Ken_C24369E7,information,information,information
ID_TS_Swa_Ken_B49E04CC,information,information,information
ID_TS_Swa_Ken_781799FF,information,information,information
ID_TS_Swa_Ken_72D78BDD,information,information,information
ID_TS_Swa_Ken_9D8776A0,information,information,information
ID_TS_Swa_Ken_01582463,information,information,information
ID_TS_Swa_Ken_E7E646C7,information,information,information
ID_TS_Swa_Ken_144823F7,information,information,information
ID_TS_Swa_Ken_04DD7054,information,information,information
ID_TS_Swa_Ken_41843B03,information,information,information
ID_TS_Swa_Ken_3735262D,information,information,information
ID_TS_Swa_Ken_D5C0244D,information,information,information
ID_TS_Swa_Ken_2646EAF9,information,information,information
ID_TS_Swa_Ken_8C7E6F42,information,information,information
ID_TS_Swa_Ken_F0B2A5D1,information,information,information
ID_TS_Swa_Ken_BA2C0F19,information,information,information
ID_TS_Swa_Ken_9BDF90F2,information,information,information
ID_TS_Swa_Ken_871C0884,information,information,information
ID_TS_Swa_Ken_6C5A6C93,information,information,information
ID_TS_Swa_Ken_1C76BDF6,information,information,information
ID_TS_Swa_Ken_C6B33FE6,information,information,information
ID_TS_Swa_Ken_49C10669,information,information,information
ID_TS_Swa_Ken_3CD5FD7F,information,information,information
ID_TS_Swa_Ken_4D183EBA,information,information,information
ID_TS_Swa_Ken_1F317405,information,information,information
ID_TS_Swa_Ken_0C394EC7,information,information,information
ID_TS_Swa_Ken_3D0A5F0C,information,information,information
ID_TS_Swa_Ken_6B79AFCC,information,information,information
ID_TS_Swa_Ken_A3925731,information,information,information
ID_TS_Swa_Ken_CB3CF8CA,information,information,information
ID_TS_Swa_Ken_9F708368,information,information,information
ID_TS_Swa_Ken_750565F5,information,information,information
ID_TS_Swa_Ken_10142131,information,information,information
ID_TS_Swa_Ken_1C612EC2,information,information,information
ID_TS_Swa_Ken_D6312A80,information,information,information
ID_TS_Swa_Ken_E7B7B4C6,information,information,information
ID_TS_Swa_Ken_7FF4CEC6,information,information,information
ID_TS_Swa_Ken_98C3E3CA,information,information,information
ID_TS_Swa_Ken_893AD232,information,information,information
ID_TS_Swa_Ken_04351B64,information,information,information
ID_TS_Swa_Ken_A1C7CC8A,information,information,information
ID_TS_Swa_Ken_83EFA9F3,information,information,information
ID_TS_Swa_Ken_93364F7E,information,information,information
ID_TS_Swa_Ken_3DEFA849,information,information,information
ID_TS_Swa_Ken_B7F28572,information,information,information
ID_TS_Swa_Ken_24C173B9,information,information,information
ID_TS_Swa_Ken_4A90CD0C,information,information,information
ID_TS_Swa_Ken_6DE299A1,information,information,information
ID_TS_Swa_Ken_0066853D,information,information,information
ID_TS_Swa_Ken_9D642932,information,information,information
ID_TS_Swa_Ken_5A5226E6,information,information,information
ID_TS_Swa_Ken_3D959E3F,information,information,information
ID_TS_Swa_Ken_92170475,information,information,information
ID_TS_Swa_Ken_6AA42C9F,information,information,information
ID_TS_Swa_Ken_2FF3CDE4,information,information,information
ID_TS_Swa_Ken_AA143CD8,information,information,information
ID_TS_Swa_Ken_AB1021CE,information,information,information
ID_TS_Swa_Ken_15EACBCF,information,information,information
ID_TS_Swa_Ken_8603156A,information,information,information
ID_TS_Swa_Ken_F982F4E0,information,information,information
ID_TS_Swa_Ken_5C508720,information,information,information
ID_TS_Swa_Ken_11536E99,information,information,information
ID_TS_Swa_Ken_F4124360,information,information,information
ID_TS_Swa_Ken_86ABD4E7,information,information,information
ID_TS_Swa_Ken_8B48F496,information,information,information
ID_TS_Swa_Ken_81E03A5E,information,information,information
ID_TS_Swa_Ken_C9525185,information,information,information
ID_TS_Swa_Ken_FD034ADA,information,information,information
ID_TS_Swa_Ken_81F38DD4,information,information,information
ID_TS_Swa_Ken_8DDCE719,information,information,information
ID_TS_Swa_Ken_0534A101,information,information,information
